article_id,dataset_id,type,surrounding_text,relative_location
10.1002_2017jc013030,https://doi.org/10.17882/49388,Primary,"Biogeochemical Argo oat measurements for biogeochemical and bio-optical applications. SEANOE. <TARGET> Barton, A. D., Lozier, M. S., & Williams, R.",0.6287365627209658
10.1002_ece3.5260,https://doi.org/10.5061/dryad.2f62927,Primary,design experiments and Adephaga_2.9Kv1 final probe set fasta file: Dryad <TARGET> Custom scripts: Alexander 2018a: Comparing_monolithic_UCE_fas tas available from; <URL>,0.7471072581522725
10.1002_ecs2.1280,https://doi.org/10.5061/dryad.p3fg9,Primary,"Data associated with this paper have been deposited in Dryad: <TARGET> 21508925, 5, Downloaded from <URL> by California Digital",0.994694685627774
10.1007_s00259-022-06053-8,https://doi.org/10.7937/tcia.2019.30ilqfcl,Secondary,"from the ACRIN 6668 Trial NSCLC-FDG-PET. Cancer Imaging Arch. 2019;10. <TARGET> 42. Bakr S, Gevaert O, S, Ayers K,",0.8418036799216793
10.1016_j.jobe.2023.107105,https://doi.org/10.5281/zenodo.8014150,Primary,and Anh [30] further explored crack 1 Dataset download link: <TARGET> Journal of Building Engineering 76 (2023) 107105 3 S.,0.1798204329881978
10.1016_j.molcel.2018.11.006,https://doi.org/10.17632/jb4jjxsbb7.1,Primary,<URL> Original imaging data (western blots) This paper; Mendeley Data <TARGET> data (Live-cell Data,0.4843515303735441
10.1016_j.molcel.2018.11.006,https://doi.org/10.17632/xtb4mkvf8f.1,Primary,western blots) presented in this study This paper; Mendeley Data <TARGET> Original imaging data Data,0.48372362167885546
10.1021_acscentsci.1c01109,https://doi.org/10.21942/uva.17040392,Primary,NMR FID les) for compounds 338 can be found at <TARGET> ACKNOWLEDGMENTS The authors are appreciative of the funding received,0.7043744875040109
10.1021_acsomega.3c06074,5VA1,Secondary,The cryo-EM structure of the hERG K+ channel (PDB ID: <TARGET>) was obtained the RCSB Protein Data Bank [12].,0.2817586396634658
10.1021_acsomega.3c06074,CHEMBL1097,Secondary,CHEMBL1257821 9.85 -6.84 -6.12 2 CHEMBL572163 7.42 -6.34 -4.12 <TARGET> 4.00 -3.95 -5.21 3 CHEMBL1257578 9.59 -6.79,0.9149257175313725
10.1021_acsomega.3c06074,CHEMBL1257578,Secondary,"role in binding to the hERG channel. For example, compound <TARGET> showed that Val625 from Chain-A, from Chain-B, Thr623,",0.668755213972559
10.1021_acsomega.3c06074,CHEMBL1782574,Secondary,CHEMBL1257578 9.59 -6.79 -5.87 CHEMBL1097 4.00 -3.95 -5.21 Pair 4 <TARGET> 2.41 -5.34 -4.42 CHEMBL3422978 9.41 -7.08 5,0.9169669323204175
10.1021_acsomega.3c06074,CHEMBL195180,Secondary,CHEMBL390649 7.5 -4.92 -5.24 Pair 6 CHEMBL1097 4.00 -3.95 -5.21 <TARGET> 7.52 -6.84 -5.01 Table 4. Average MM/GBSA values for,0.9202683753705249
10.1021_acsomega.3c06074,CHEMBL2424928,Secondary,CHEMBL1782574 2.41 -5.34 -4.42 CHEMBL3422978 9.41 -7.08 -6.29 Pair 5 <TARGET> 3.51 -6.69 -5.21 CHEMBL390649 7.5 -4.92 Pair 6,0.9183514084382044
10.1021_acsomega.3c06074,CHEMBL3422978,Secondary,CHEMBL1097 4.00 -3.95 -5.21 Pair 4 CHEMBL1782574 2.41 -5.34 -4.42 <TARGET> 9.41 -7.08 5 CHEMBL2424928 3.51 -5.21,0.9175881716040398
10.1021_acsomega.3c06074,CHEMBL390649,Secondary,CHEMBL3422978 9.41 -7.08 -6.29 Pair 5 CHEMBL2424928 3.51 -6.69 -5.21 <TARGET> 7.5 -4.92 Pair 6 CHEMBL1097 4.00 -5.21,0.9189726477218269
10.1021_acsomega.3c06074,CHEMBL572163,Secondary,CHEMBL70 3.00 -5.33 -5.14 CHEMBL1257821 9.85 -6.84 -6.12 2 <TARGET> 7.42 -6.34 -4.12 CHEMBL1097 4.00 -3.95 -5.21 3,0.914322227941568
10.1021_acsomega.3c06074,CHEMBL70,Secondary,"However, it is worth noting that the pair of molecules <TARGET> (pIC50, 3) and (pIC50, 9.85) deviates from this",0.5740783471485117
10.1021_jacs.2c06519,https://doi.org/10.25377/sussex.21184705,Primary,Statement Additional research data supporting this publication are available at 10.25377/<TARGET>. s Supporting Information available,0.6013591844893064
10.1029_2018gl078007,https://doi.org/10.5061/dryad.886pr72,Primary,"and the forecasts are available via Dryad data repository (<URL> <TARGET>). 19448007, 2018, 10, Downloaded from <URL> Wiley Online Library",0.6883400676177125
10.1029_2019jg005297,https://doi.org/10.5061/dryad.pp045j3,Primary,in this analysis are available from the Dryad Digital Repository: <TARGET> The authors declare no conicts of interest. We,0.7882185591163919
10.1029_2021ea001703,https://doi.org/10.13020/jjdx-1m95,Secondary,"Data Repository for the Uni- versity of Minnesota (DRUM) (at <TARGET> References Abbott, D. H., & Isley, A. E. (2002).",0.7508078463498998
10.1029_2021gl096173,https://doi.org/10.25326/09,Secondary,"Number in Thin Cirrus Clouds. Geophysical Research Letters, 2022, 49, 10.1029/2021GL<TARGET>6173. insu-03686319 1. Introduction Aviation outflow is the only anthropogenic",0.02510978738206009
10.1029_2021pa004379,https://doi.org/10.25921/dt5g-my32,Primary,"water temperature data over the past 2000 years. . <TARGET> Vellinga, M., & Wood, R. A. (2002). Global climatic",0.9352549219472601
10.1038_hdy.2013.74,https://doi.org/10.5061/dryad.75030,Primary,Survival and tness-related trait data have been submitted to Dryad: doi:10.5061/<TARGET>. CONFLICT OF INTEREST The authors declare no conict of,0.8268370442741811
10.1038_hdy.2014.75,https://doi.org/10.5061/dryad.1p80f,Primary,DATA ARCHIVING Data available from the Dryad Digital Repository: doi:10.5061/ <TARGET>. CONFLICT OF INTEREST The authors declare no conict of,0.88365668974034
10.1038_hdy.2015.99,https://doi.org/10.5061/dryad.f47f6,Primary,about sample location are available from the Dryad Digital Repository: <TARGET> CONFLICT OF INTEREST The authors declare no conict of,0.708638057127087
10.1038_s41396-020-00885-8,IPR000884,Secondary,IPR006201 Neurotransmitter-gated ion channel GO:0034220 Membrane transport ORTHO03S000334 0.82 0.03 <TARGET> Thrombospondin 1 (TSP1) repeat Cell interactions ORTHO03S004517 0.79,0.36262465097726365
10.1038_s41396-020-00885-8,IPR001124,Secondary,0.01 IPR009613 Lipase maturation factor Lipid metabolism ORTHO03S005836 0.01 <TARGET> Lipid-binding serum glycoprotein metabolism ORTHO03S005884 0.71 0.02,0.3819305943358596
10.1038_s41396-020-00885-8,IPR001577,Secondary,"Domain of unknown function DUF5107 function ORTHO03S001168 0.83 0.01 <TARGET> Peptidase M8, leishmanolysin GO:0008233 Digestive enzyme 0.01",0.36007179896290387
10.1038_s41396-020-00885-8,IPR002477,Secondary,0.79 0.01 IPR016201 PSI domain Cell adhesion 0.01 <TARGET> Peptidoglycan domain Digestive enzyme ORTHO03S002888 0.77 0.02 IPR011040,0.3660018614545938
10.1038_s41396-020-00885-8,IPR002889,Secondary,IPR001124 Lipid-binding serum glycoprotein GO:0008289 Lipid metabolism ORTHO03S005884 0.71 0.02 <TARGET> Carbohydrate-binding WSC Cell interactions 0.02 IPR008139 Saposin,0.3832070203430395
10.1038_s41396-020-00885-8,IPR004007,Secondary,"ORTHO03S004453 0.72 0.05 IPR017920 COMM domain Regulation 0.72 0.03 <TARGET> Dihydroxyacetone kinase, subunit L GO:0004371 Signal transduction",0.37463103310729956
10.1038_s41396-020-00885-8,IPR004302,Secondary,0.91 0.01 IPR011040 Sialidase GO:0004553 Digestive enzyme ORTHO03S000616 0.01 <TARGET> Cellulose/chitin-binding protein Cell interactions ORTHO03S000329 0.01 IPR004963 Pectinacetylesterase/NOTUM,0.3553516819571865
10.1038_s41396-020-00885-8,IPR004785,Secondary,"Dihydroxyacetone kinase, subunit L GO:0004371 Signal transduction ORTHO03S005231 0.72 0.03 <TARGET> Ribose 5-phosphate isomerase B GO:0005975 Sugar metabolism 0.72",0.37597393963568676
10.1038_s41396-020-00885-8,IPR004911,Secondary,Thrombospondin type 1 (TSP1) repeat Cell interactions ORTHO03S004517 0.79 0.01 <TARGET> Gamma interferon inducible lysosomal thiol reductase Vacuolization,0.3638213003589948
10.1038_s41396-020-00885-8,IPR004963,Secondary,0.89 0.01 IPR004302 Cellulose/chitin-binding protein Cell interactions ORTHO03S000329 0.01 <TARGET> Pectinacetylesterase/NOTUM GO:0016787 Digestive enzyme ORTHO03S004730 0.01 IPR004981 Tryptophan,0.35650844302619333
10.1038_s41396-020-00885-8,IPR004981,Secondary,"0.88 0.01 IPR004963 Pectinacetylesterase/NOTUM GO:0016787 Digestive enzyme ORTHO03S004730 0.01 <TARGET> Tryptophan 2,3-dioxygenase enzyme ORTHO03S002955 0.01 IPR033396",0.3577050924079245
10.1038_s41396-020-00885-8,IPR005524,Secondary,Ribose 5-phosphate isomerase B GO:0005975 Sugar metabolism ORTHO03S003865 0.72 0.04 <TARGET> Predicted permease DUF318 Membrane transport ORTHO03S005235 0.71 0.02 IPR028730,0.37722377343438374
10.1038_s41396-020-00885-8,IPR006201,Secondary,"IPR001577 Peptidase M8, leishmanolysin GO:0008233 Digestive enzyme ORTHO03S004520 0.83 0.01 <TARGET> Neurotransmitter-gated ion channel GO:0034220 Membrane transport ORTHO03S000334 0.82 0.03",0.36129504055311795
10.1038_s41396-020-00885-8,IPR008139,Secondary,0.02 IPR036452 Ribonucleoside hydrolase GO:0016614 Digestive enzyme ORTHO03S005894 0.75 0.01 <TARGET> Saposin B type enzyme ORTHO03S004453 0.72 0.05,0.3728493551389443
10.1038_s41396-020-00885-8,IPR009613,Secondary,IPR029723 Integral membrane protein GPR137 protein ORTHO03S005577 0.71 0.01 <TARGET> Lipase maturation factor Lipid metabolism 0.01 IPR001124,0.38089349820502594
10.1038_s41396-020-00885-8,IPR011040,Secondary,value InterPro Description GO term General function ORTHO03S000834 0.91 0.01 <TARGET> Sialidase GO:0004553 Digestive enzyme ORTHO03S000616 0.01 IPR004302 Cellulose/chitin-binding,0.35438106634756017
10.1038_s41396-020-00885-8,IPR011124,Secondary,"IPR008139 Saposin B type domain Digestive enzyme ORTHO03S005965 0.71 0.01 <TARGET> Zinc nger, type GO:0046872 Regulation The OGs are",0.3852546203962239
10.1038_s41396-020-00885-8,IPR012338,Secondary,Protein of unknown function DUF2961 function ORTHO03S004503 0.75 0.02 <TARGET> Beta-lactamase/transpeptidase like GO:0005576 Digestive enzyme 0.75 0.01 IPR029787,0.36924611088950937
10.1038_s41396-020-00885-8,IPR016201,Secondary,Gamma interferon inducible lysosomal thiol reductase Vacuolization ORTHO03S004519 0.79 0.01 <TARGET> PSI domain Cell adhesion 0.01 IPR002477 Peptidoglycan,0.36519079909586494
10.1038_s41396-020-00885-8,IPR017920,Secondary,"IPR008139 Saposin B type domain Digestive enzyme ORTHO03S004453 0.72 0.05 <TARGET> domain Regulation 0.72 0.03 IPR004007 Dihydroxyacetone kinase,",0.3738465629570536
10.1038_s41396-020-00885-8,IPR021345,Secondary,0.77 0.02 IPR011040 Sialidase GO:0004553 Digestive enzyme ORTHO03S003756 0.76 0.03 <TARGET> Protein of unknown function DUF2961 function ORTHO03S004503,0.3680627576120197
10.1038_s41396-020-00885-8,IPR028730,Secondary,0.04 IPR005524 Predicted permease DUF318 Membrane transport ORTHO03S005235 0.71 0.02 <TARGET> Zinc nger FYVE domain-containing protein 26 GO:0061640 Cell division,0.37830075787794176
10.1038_s41396-020-00885-8,IPR029723,Secondary,FYVE domain-containing protein 26 GO:0061640 Cell division ORTHO03S005554 0.71 0.03 <TARGET> Integral protein GPR137 protein 0.71 0.01,0.3796835527190533
10.1038_s41396-020-00885-8,IPR029787,Secondary,0.02 IPR012338 Beta-lactamase/transpeptidase like GO:0005576 Digestive enzyme ORTHO03S004518 0.75 0.01 <TARGET> Nucleotide cyclase GO:0007165 Signal transduction 0.02 IPR036452,0.3705491291051722
10.1038_s41396-020-00885-8,IPR033396,Secondary,"0.01 IPR004981 Tryptophan 2,3-dioxygenase GO:0019441 Digestive enzyme ORTHO03S002955 0.01 <TARGET> Domain of unknown function DUF5107 function ORTHO03S001168",0.3589017417896556
10.1038_s41396-020-00885-8,IPR036452,Secondary,0.01 IPR029787 Nucleotide cyclase GO:0007165 Signal transduction ORTHO03S004748 0.75 0.02 <TARGET> Ribonucleoside hydrolase GO:0016614 Digestive enzyme 0.01 IPR008139,0.37167929796569604
10.1038_s41396-020-00885-8,PF00348,Secondary,"against the key enzymes involved in retinal formation: GGPP synthase (<TARGET>), synthase (PF00484.18), phytoene dehydrogenase (PF01493.23), lyco- pene cyclase",0.2225236005850286
10.1038_s41396-020-00885-8,PF00484,Secondary,"enzymes involved in retinal formation: GGPP synthase (PF00348), synthase (<TARGET>.18), phytoene dehydrogenase (PF01493.23), lyco- pene cyclase (PF05834), and -carotene",0.22290918760803086
10.1038_s41396-020-00885-8,PF01493,Secondary,"retinal formation: GGPP synthase (PF00348), synthase (PF00484.18), phytoene dehydrogenase (<TARGET>.23), lyco- pene cyclase (PF05834), and -carotene 15,15-dioxygenase (PF15461.5). Selected",0.22340114346496476
10.1038_s41396-020-00885-8,PF05834,Secondary,"(PF00348), phytoene synthase phytoene dehydrogenase (PF01493.23), lyco- pene cyclase (<TARGET>), and -carotene 15,15-dioxygenase (PF15461.5). Selected sequences were aligned with",0.22383991490493285
10.1038_s41396-020-00885-8,PF15461,Secondary,"phytoene dehydrogenase (PF01493.23), lyco- pene cyclase (PF05834), and -carotene 15,15-dioxygenase (<TARGET>.5). Selected sequences were aligned with MAFFT v7.470 [53]",0.2244116473873155
10.1038_s41467-018-07681-1,https://doi.org/10.5281/zenodo.1472500,Primary,available in the Zenodo data reposi- tory the identier doi:10.5281/<TARGET>; descriptions data for- mats and further details,0.7547032533000727
10.1038_s41562-021-01247-w,https://doi.org/10.34973/983b-a047,Primary,"maps from the whole-brain univariate analysis, can be from <TARGET> To protect participant the raw data are",0.6291694067628122
10.1038_s41597-019-0101-y,GSE130386,Primary,"Omnibus (GEO), and are accessible through GEO Series accession number <TARGET>36. The information of the differentially expressed genes (DEGs) between",0.43311552213044013
10.1038_s41597-019-0101-y,SRP184152,Primary,were deposited at the NCBI Sequence Read Archive with accessions <TARGET>35. The files of gene expression deposited in,0.4265811860436444
10.1038_s41597-023-02280-2,EMPIAR-10005,Secondary,particles from false positives. (C) Micrograph containing large carbon areas (<TARGET>). (D) containing a monodisperse distribution of particles,0.1955729500834082
10.1038_s41597-023-02280-2,EMPIAR-10017,Secondary,"in the lower right part of micrograph causing blurring effect (<TARGET>). (H) Micrograph (EMPIAR-10093) containing heterogeneous top, side, and inclined",0.20242525343256768
10.1038_s41597-023-02280-2,EMPIAR-10028,Secondary,"make sure they are consistent. For example, two EMPIAR IDs: <TARGET>52 and EMPIAR-1008153 with 300 micrographs (total 600 Cryo-EM micrographs)",0.6827024252534326
10.1038_s41597-023-02280-2,EMPIAR-10081,Secondary,"they are consistent. For example, two EMPIAR IDs: EMPIAR-1002852 and <TARGET>53 with 300 micrographs (total 600 Cryo-EM micrographs) were used",0.6829590658283075
10.1038_s41597-023-02280-2,EMPIAR-10093,Secondary,"right part of micrograph causing blurring effect (EMPIAR-10017). (H) Micrograph (<TARGET>) containing heterogeneous top, side, and inclined of protein",0.20282304632362377
10.1038_s41597-023-02280-2,EMPIAR-10387,Secondary,protein particles making it difficult to recognize and particles (<TARGET>). (F) Micrographs (EMPIAR-11057) particles overcrowded at upper,0.19825484409085076
10.1038_s41597-023-02280-2,EMPIAR-10406,Secondary,We carried out 2D and 3D validation for and <TARGET>55 to validate our particle labelling process as,0.7353779032465033
10.1038_s41597-023-02280-2,EMPIAR-10532,Secondary,(B) Micrographs containing an abundance of ice patches and contaminations (<TARGET>). ice is evident by the of,0.19286539201847813
10.1038_s41597-023-02280-2,EMPIAR-10590,Secondary,micrographs in CryoPPP used for particle labelling. (A) micrographs (<TARGET>) containing protein particles with sufficient contrast that can be,0.1904529706146542
10.1038_s41597-023-02280-2,EMPIAR-10852,Secondary,(EMPIAR-10005). (D) Micrographs containing a monodisperse distribution of protein particles (<TARGET>). (E) Large of particles making it,0.1967663287565764
10.1038_s41597-023-02280-2,EMPIAR-11057,Secondary,it difficult to recognize and pick particles (EMPIAR-10387). (F) Micrographs (<TARGET>) containing particles overcrowded at upper half region. (G),0.19866546901065057
10.1038_s41598-020-59839-x,ENSBTAG00000011038,Secondary,MC2R melanocortin 2 receptor [Source:NCBI gene;Acc:443482] ENSOARG00000003950 23 43893855 43894748 <TARGET> 24 44006264 44024553 CIB1 calcium and integrin,0.6879945475098078
10.1038_s41598-020-59839-x,ENSBTAG00000021275,Secondary,and integrin binding 1 [Source:NCBI gene;Acc:100141300] ENSOARG00000012128 18 20723490 20727112 <TARGET> 21 22043354 22046525 MC5R Ovis aries 5 receptor,0.6905046878116896
10.1038_s41598-020-59839-x,ENSOARG00000003950,Secondary,"(1.39) INTERPRO IPR023415:Low-density lipoprotein (LDL) receptor class A, conserved site <TARGET> (MC2R), ENSOARG00000002239 (MC5R), ENSOARG00000001337 (CAV1) 1.70E-02 12.47 SMART",0.5777811024669194
10.1038_s41598-020-59839-x,ENSOARG00000012128,Secondary,"INTERPRO IPR002172:Low-density lipoprotein (LDL) receptor class A repeat ENSOARG00000003950 (MC2R), <TARGET> (CIB1), ENSOARG00000002239 (MC5R), ENSOARG00000001337 (CAV1) 7.59E-02 4.04 Cluster 3",0.5830008644191768
10.1038_s41598-020-59839-x,ENSOARG00000012835,Secondary,"Enrichment Cluster 1 (3.24) INTERPRO IPR014760:Serum albumin, N-terminal ENSOARG00000013782 (ALB), <TARGET> (GC), ENSOARG00000013966 (AFP), ENSOARG00000014129 (AFM) 8.61E-05 INTERPRO",0.5574173814748321
10.1038_s41598-020-59839-x,ENSOARG00000013782,Secondary,"P-Value Fold Enrichment Cluster 1 (3.24) INTERPRO IPR014760:Serum albumin, N-terminal <TARGET> (ALB), ENSOARG00000012835 (GC), ENSOARG00000013966 (AFP), ENSOARG00000014129 (AFM) 8.61E-05",0.5569685484407207
10.1038_s41598-020-59839-x,ENSOARG00000013966,Secondary,"1 (3.24) INTERPRO IPR014760:Serum albumin, N-terminal ENSOARG00000013782 (ALB), ENSOARG00000012835 (GC), <TARGET> (AFP), ENSOARG00000014129 (AFM) 8.61E-05 INTERPRO",0.5578495910632356
10.1038_s41598-020-59839-x,ENSOARG00000014129,Secondary,"INTERPRO IPR014760:Serum albumin, N-terminal ENSOARG00000013782 (ALB), ENSOARG00000012835 (GC), ENSOARG00000013966 (AFP), <TARGET> (AFM) 8.61E-05 INTERPRO",0.5582984240973469
10.1038_s41598-020-59839-x,IPR000264,Secondary,"(ALB), ENSOARG00000012835 (GC), ENSOARG00000013966 (AFP), ENSOARG00000014129 (AFM) 8.61E-05 38.40 INTERPRO <TARGET>:ALB/AFP/VDB",0.5591129729370304
10.1038_s41598-020-59839-x,IPR002172,Secondary,"SM00192:LDLa ENSOARG00000003950 (MC2R), ENSOARG00000002239 (MC5R), ENSOARG00000001337 (CAV1) 5.20E-02 8.08 INTERPRO <TARGET>:Low-density lipoprotein (LDL) receptor class A (MC2R), ENSOARG00000012128",0.581454883968349
10.1038_s41598-020-59839-x,IPR014760,Secondary,"and Description Genes P-Value Fold Enrichment Cluster 1 (3.24) INTERPRO <TARGET>:Serum albumin, N-terminal ENSOARG00000013782 (ALB), ENSOARG00000012835 (GC), ENSOARG00000013966 (AFP), ENSOARG00000014129",0.556370104395239
10.1038_s41598-020-59839-x,IPR020857,Secondary,"(ALB), ENSOARG00000012835 (GC), ENSOARG00000013966 (AFP), ENSOARG00000014129 (AFM) 8.61E-05 38.40 INTERPRO <TARGET>:Serum albumin, conserved site",0.5616231132389121
10.1038_s41598-020-59839-x,IPR020858,Secondary,"(ALB), ENSOARG00000012835 (GC), ENSOARG00000013966 (AFP), ENSOARG00000014129 (AFM) 8.81E-05 37.89 INTERPRO <TARGET>:Serum albumin-like (AFM)",0.5667930048540462
10.1038_s41598-020-59839-x,IPR021177,Secondary,"albumin ENSOARG00000013782 (ALB), ENSOARG00000013966 (AFP), ENSOARG00000014129 (AFM) 1.19E-03 47.29 INTERPRO <TARGET>:Serum (AFM) 2.51E-03 36.00",0.5716802978921471
10.1038_s41598-020-59839-x,IPR023415,Secondary,"ENSOARG00000013966 (AFP), ENSOARG00000014129 (AFM) 4.33E-01 2.04 Cluster 2 (1.39) INTERPRO <TARGET>:Low-density lipoprotein (LDL) receptor class A, conserved site ENSOARG00000003950 (MC2R),",0.5765509674845402
10.1038_s41598-020-59839-x,NM_001078656,Secondary,"22046525 MC5R Ovis aries 5 receptor (MC5R), mRNA. [Source:RefSeq mRNA;Acc:<TARGET>] ENSOARG00000002239 23 43867867 43870160 ENSBTAG00000009143 24 43983880 43984857 CAV1",0.6925161247423366
10.1038_s41598-021-85671-y,https://doi.org/10.7937/tcia.2019.8dho2gls,Secondary,Canadian benchmark dataset23: <URL> MAASTRO dataset30: <URL> 7937/tcia.2019.8kap372n. PMH dataset31: <TARGET> The CRO dataset is the result of a collaboration,0.8053858742323833
10.1038_s41598-024-56373-y,BX119912,Secondary,"(GCA_011634775.1). The genomes of Rhodopirellula baltica SH1T (GenBank acc. no. <TARGET>.1), Pirellula staleyi DSM 6068T no. CP001848.1) and Blastopirellula",0.278681590912524
10.1038_s41598-024-56373-y,CP001848,Secondary,"(GenBank acc. no. BX119912.1), Pirellula staleyi DSM 6068T no. <TARGET>.1) and Blastopirellula DSM 3645T no. GCA_000153105.1) (all",0.27945197202459177
10.1038_s41598-024-56373-y,CP130886,Secondary,"the NCBI GenBank database the accession numbers OR353748 and <TARGET>, respectively. Phylogenomic analyses The 16S rRNA gene sequence of",0.2347547620126584
10.1038_s41598-024-56373-y,STH00996,Secondary,"Planctoellipticum variicoloris gen. nov., nov., with strain SH412T (=CECT 30430T=<TARGET>T, the STH number refers the Jena Microbial Resource",0.027340976722406006
10.1038_sdata.2017.167,https://doi.org/10.5061/dryad.sm847,Primary,"Quinn, K. J. & Shah, N. H. Dryad Digital Repository <TARGET> (2017). Acknowledgements Data for this project were accessed using",0.9501134881923987
10.1039_d2cc00847e,https://doi.org/10.5281/zenodo.6010342,Primary,"(NMR spectra and transport curves) are available at Zenodo, DOI: 10.5281/<TARGET>. 29 S. J. Edwards, H. Valkenier, N. Busschaert, P.",0.9474651338107802
10.1073_pnas.1705601114,https://doi.org/10.5061/dryad.7248c,Primary,data on offspring fitness have been on Dryad (doi:10.5061/ <TARGET>). 1G.A. and C.H. contributed equally to this work. 2To,0.1676817991270683
10.1073_pnas.1711872115,https://doi.org/10.5281/zenodo.1135372,Primary,extracted from our images and Raman spectra are available at dx.doi.org/10.5281/<TARGET>. 1To whom correspondence may be addressed. Email: n-pavillon@ifrec.osaka-u.ac.jp or,0.10271121435587222
10.1073_pnas.1915395117,https://doi.org/10.6073/pasta/57108aaeede00e77cac110bc5366a92b,Primary,"for this article are available at the Environmental Data Initiative, <TARGET> R scripts used to perform analyses and prepare",0.15902331796043273
10.1073_pnas.2306723120,https://doi.org/10.15468/dl.a2a348,Primary,spp. occurrence data in Canada and United States. GBIF data. <TARGET> Accessed 20 June 2022. Downloaded from <URL> by UCOP,0.8065477826015277
10.1073_pnas.2306723120,https://doi.org/10.15468/dl.k8zeq6,Primary,"(GBIF), Populus spp. occurrence data in North America. GBIF data. <TARGET> Accessed 3 March 2022. 45. Global Biodiversity Information",0.804033631917349
10.1080_19475683.2023.2226196,https://doi.org/10.15468/dl.2a5f6c,Secondary,". GBIF. 2022o. GBIF Occurrence Download. Accessed 7 March 2022. <TARGET> . Glin, U., M. Keller, V. de Beaupuis, R.",0.7939818593046845
10.1080_19475683.2023.2226196,https://doi.org/10.15468/dl.6qzmh7,Secondary,<URL> . GBIF. 2022n. GBIF Occurrence Download. Accessed December 2022. <TARGET> GBIF. Accessed 7,0.7928160048499545
10.1080_19475683.2023.2226196,https://doi.org/10.15468/dl.92jj3s,Secondary,2022. <URL> . GBIF.2022a. GBIF Occurrence Download. Accessed 2022. <TARGET> . GBIF. Accessed 2022.,0.7773101406020473
10.1080_19475683.2023.2226196,https://doi.org/10.15468/dl.ah5fq7,Secondary,<URL> . GBIF. 2022h. GBIF Occurrence Download. Accessed December 2022. <TARGET> . 2022. <URL>,0.7857625853988388
10.1080_19475683.2023.2226196,https://doi.org/10.15468/dl.be7krr,Secondary,<URL> . GBIF. 2022b. GBIF Occurrence Download. Accessed December 2022. <TARGET> . ANNALS OF GIS GBIF.,0.7784876536013244
10.1080_19475683.2023.2226196,https://doi.org/10.15468/dl.cb2hsf,Secondary,7717/peerj.10411 . GBIF.2021a. GBIF Occurrence Download. Accessed 7 March 2022. <TARGET> . GBIF.,0.7749784316925875
10.1080_19475683.2023.2226196,https://doi.org/10.15468/dl.dcatgu,Secondary,<URL> . GBIF. 2022j. GBIF Occurrence Download. Accessed December 2022. <TARGET> GBIF. 2022.,0.7881059528528459
10.1080_19475683.2023.2226196,https://doi.org/10.15468/dl.gtnw2a,Secondary,<URL> . GBIF. 2022k. GBIF Occurrence Download. Accessed December 2022. <TARGET> GBIF. 2022.,0.7892834658521231
10.1080_19475683.2023.2226196,https://doi.org/10.15468/dl.nvnscr,Secondary,2022. <URL> GBIF. 2022g. GBIF Occurrence Download. Accessed 2022. <TARGET> GBIF. Accessed 2022.,0.7845850723995617
10.1080_19475683.2023.2226196,https://doi.org/10.15468/dl.qgemaq,Secondary,<URL> . GBIF. 2022d. GBIF Occurrence Download. Accessed December 2022. <TARGET> GBIF. 2022.,0.7810641919462774
10.1080_19475683.2023.2226196,https://doi.org/10.15468/dl.qm4v2t,Secondary,. GBIF. 2021b. GBIF Occurrence Download. Accessed 7 March 2022. <TARGET> . Accessed 2022. <URL>,0.7761442861473173
10.1080_19475683.2023.2226196,https://doi.org/10.15468/dl.sz5x6g,Secondary,<URL> . GBIF. 2022m. GBIF Occurrence Download. Accessed December 2022. <TARGET> GBIF. 2022.,0.7916384918506774
10.1080_19475683.2023.2226196,https://doi.org/10.15468/dl.txwcpa,Secondary,<URL> . GBIF. 2022l. GBIF Occurrence Download. Accessed December 2022. <TARGET> GBIF. 2022.,0.7904609788514002
10.1080_19475683.2023.2226196,https://doi.org/10.15468/dl.ucepps,Secondary,<URL> . GBIF. 2022e. GBIF Occurrence Download. Accessed December 2022. <TARGET> GBIF. 2022.,0.7822417049455546
10.1080_19475683.2023.2226196,https://doi.org/10.15468/dl.waw9qx,Secondary,2022. <URL> . GBIF.2022i. GBIF Occurrence Download. Accessed 2022. <TARGET> . GBIF. Accessed 2022.,0.7869284398535686
10.1080_19475683.2023.2226196,https://doi.org/10.15468/dl.yc59mu,Secondary,GIS 565 GBIF. 2022c. GBIF Occurrence Download. Accessed December 2022. <TARGET> GBIF. 2022.,0.7798866789470003
10.1080_19475683.2023.2226196,https://doi.org/10.15468/dl.zrhwa2,Secondary,<URL> . GBIF. 2022f. GBIF Occurrence Download. Accessed December 2022. <TARGET> GBIF. 2022. <URL>,0.7834192179448317
10.1093_beheco_arad016,https://doi.org/10.5061/dryad.rxwdbrvdc,Primary,"Muscardinus avellanarius: testing predictions from optimal foraging theory. Behav Ecol. doi:10.5061/<TARGET>. Dawson RD, OBrien EL, Mlynowski TJ. 2011. The price",0.8423172837137924
10.1093_nar_gkp1049,3.10.180.10,Secondary,"228 (100.0) 40 Vicinal oxygen chelate 683 291 (42.6) 17 <TARGET> 11 592 724 Nucleic Acids Research, 2010, Vol. 38,",0.3102880253727857
10.1093_nar_gkp1049,3.20.20.120,Secondary,(70.0) 14 3.90.226.10 19 323 Enolase 1556 1152 (74.0) 17 <TARGET> 4114 Haloacid dehalogenase 1285 936 17 20,0.3083703148241484
10.1093_nar_gkp1049,3.20.20.140,Secondary,"found in most of the SFLD superfamilies. For example, a <TARGET> CATH domain in all the",0.29757704647989475
10.1093_nar_gkp1049,3.30.450.20,Secondary,of total) Annotation types 3.20.20.140 15 932 4355 55 <TARGET> 29 871 8859 (29.7) 17 3.30.450.40 10 922 1702,0.37947312131977823
10.1093_nar_gkp1049,3.30.450.40,Secondary,932 4355 55 3.30.450.20 29 871 8859 (29.7) 17 <TARGET> 10 922 1702 20 3.30.930.10 15 250 7888,0.37989108387525045
10.1093_nar_gkp1049,3.30.930.10,Secondary,871 8859 (29.7) 17 3.30.450.40 10 922 1702 (15.6) 20 <TARGET> 15 250 7888 (51.7) 31 3.40.30.10 38 265 3182,0.3803090464307227
10.1093_nar_gkp1049,3.40.30.10,Secondary,922 1702 (15.6) 20 3.30.930.10 15 250 7888 (51.7) 31 <TARGET> 38 265 3182 (8.3) 86 20 614 2240,0.38072700898619494
10.1093_nar_gkp1049,3.40.50.1820,Secondary,265 3182 (8.3) 86 3.40.50.1000 20 614 2240 (10.9) 80 <TARGET> 48 416 3570 (7.4) 127 3.40.50.620 35 974 12,0.381550641080802
10.1093_nar_gkp1049,3.40.50.620,Secondary,614 2240 (10.9) 80 3.40.50.1820 48 416 3570 (7.4) 127 <TARGET> 35 974 12 022 (33.4) 75 27 036,0.38198089665261165
10.1093_nar_gkp1049,3.90.1200.10,Secondary,12 022 (33.4) 75 3.40.630.30 27 036 1384 (5.1) 77 <TARGET> 5671 383 (6.8) 25 3.90.226.10 19 323 4838 (25.0),0.38282911477989356
10.1093_nar_gkp1049,3.90.226.10,Secondary,(47.4) 35 3.20.20.140 15 932 Crotonase 1330 931 (70.0) 14 <TARGET> 19 323 Enolase 1556 1152 (74.0) 17 3.20.20.120 4114,0.3077925430562897
10.1093_nar_gkp1049,PF00106,Secondary,"numbers found in a single Pfam family is family <TARGET>, the short-chain dehydrogenase family, is annotated with 87",0.3483103249044218
10.1093_nar_gkp1049,PF03372,Secondary,"overall (3.1%). Example results for a Pfam Pfam family <TARGET> a moderately family in Pfam benchmark,",0.60453366442524
10.1093_sysbio_syy011,https://doi.org/10.5061/dryad.739bs,Primary,in Supplementary Material of this article available on Dryad at <TARGET> Appendix S1. Scenario I.We began simulations with the null,0.17855488115646573
10.1098_rsbl.2015.0113,https://doi.org/10.5061/dryad.1h7p0,Primary,no. 141338R). Data Data are available through Dryad (<URL> 10.5061/<TARGET>). Acknowledgements. We thank David Belohlavek and Angela Riley for,0.7373861541040397
10.1098_rsos.160417,https://doi.org/10.5061/dryad.2bs69,Primary,. . from the Dryad Digital Repository: <TARGET> All experimental data are included in this manuscript,0.7986267404157925
10.1098_rsos.170796,https://doi.org/10.5061/dryad.2g5f9,Primary,tables and R code). The data are available on Dryad: <TARGET> [88]. Authors contributions. and M.M.R. conceived the study;,0.6763148235540873
10.1098_rsos.190841,https://doi.org/10.5061/dryad.3b65k44,Primary,"are available from the Dryad Digital Repository [28]. For publication: <TARGET> Authors contributions. All authors the experimental design, N.K.",0.7643690057269027
10.1098_rsos.210982,https://doi.org/10.5061/dryad.fxpnvx0pn,Primary,"accessibility. All data are available from the Dryad Digital Repository: <TARGET> [41]. Authors contributions. I.B.G., E.R. and A.N.R. the",0.7039217594394707
10.1098_rspb.2015.0371,https://doi.org/10.5061/dryad.kh7nt,Primary,"accessibility. All data are deposited in Dryad Dryad ID: <TARGET> Authors contributions. L.D.-P, A.C.-D. and X.A.G.M collected the",0.7213328226733052
10.1098_rspb.2015.1498,https://doi.org/10.5061/dryad.rj7g1,Primary,"accessibility. All data are accessible from the Dryad digital repository, <TARGET> Competing interests. I have no interests. I",0.7944956377827268
10.1101_2022.02.10.480011,https://doi.org/10.15482/usda.adc/1524676,Primary,"from polishCLR: Example input genome assemblies. 261 Ag Data Commons. <TARGET> Accessed 2022-02- 262 09. 263 Stallman, R. M., &",0.8299146137991952
10.1101_2022.07.21.501061,https://doi.org/10.15468/dl.354f8k,Primary,GBIF.org. (2021a). Data from: GBIF Occurrence Download. Available at: 540 <TARGET> Accessed: 03 October 2021. GBIF.org.,0.7644800261416551
10.1101_2022.07.21.501061,https://doi.org/10.15468/dl.nbku3v,Primary,GBIF.org. (2021c). Data from: GBIF Occurrence Download. Available at: 544 <TARGET> Accessed: 03 October 2021. GBIF.org.,0.7684285052964083
10.1101_2022.07.21.501061,https://doi.org/10.15468/dl.pdjqte,Primary,GBIF.org. (2021b). Data from: GBIF Occurrence Download. Available at: 542 <TARGET> Accessed: 03 October 2021. GBIF.org.,0.7664542657190316
10.1101_2022.07.21.501061,https://doi.org/10.15468/dl.uejpg6,Primary,"GBIF.org. (2021d). Data from: GBIF Occurrence Download. Available at: 546 <TARGET> Accessed: 03 October 2021. 547 Giaretta, A.A., Facure, K.G.,",0.7704027448737848
10.1109_access.2024.3385658,https://doi.org/10.5281/zenodo.10908593,Primary,"and software of the system, is available on Zenodo at <TARGET> REFERENCES [1] R. and M. Giurfa, Cognitive",0.7549294532627866
10.1111_1365-2435.13087,https://doi.org/10.5061/dryad.hs20gv7,Primary,"article have been archived in the Dryad Digital Repository under <TARGET> (Kuusk etal., 2018a). ORCID lo Niinemets <URL> REFERENCES Bernacchi,",0.7540316683728412
10.1111_1365-2435.13431,https://doi.org/10.5061/dryad.d84hg87,Primary,"the above analyses are available the Dryad Digital Repository <TARGET> (Hoy et al., 2019). ORCID Sarah Hoy <URL>",0.7277047403945324
10.1111_1365-2656.12382,https://doi.org/10.5061/dryad.r390f,Primary,"generate our results is available from the Dryad Digital Repository <TARGET> (Puth, Neuha user & Ruxton 2015). 2015 The Authors.",0.8813971823261235
10.1111_2041-210x.12453,https://doi.org/10.5061/dryad.h4f7p,Primary,"ecological application of sequence analysis methods (SAM). Dryad Digital Repository. doi:10.5061/<TARGET>. Delafontaine, M., M., Neutens, T. & Van de",0.8801225891338532
10.1111_2041-210x.13817,https://doi.org/10.5061/dryad.fn2z34tw7,Primary,"with all the data in- volved can be found in <TARGET> (Wang et al.,2022). ORCID Wang <URL> Peng Qin",0.7904892344256682
10.1111_acel.13089,rs33912345,Primary,with the presence of another top risk of glaucomaSix6 <TARGET>. Our study further showed that of homozygous,0.7417652649863984
10.1111_cas.12935,HPA003156,Secondary,100 0 O75787 Renin receptor 7 0 <TARGET> 1 0 P24593 Insulin-like growth factor-,0.5449776468460087
10.1111_cas.12935,O75787,Secondary,7 24 13 1 1 2 0 0 <TARGET> Renin receptor 0 1,0.5439956585781843
10.1111_cas.12935,P17900,Secondary,0 0 5 CAB009216 1 0 0 <TARGET> Ganglioside GM2 activator 1 2,0.548001137039047
10.1111_cas.12935,P21741,Secondary,1 4 5 2 HPA008063 0 0 0 <TARGET> Midkine 0 11 0 0 1.8,0.5498100627955655
10.1111_cas.12935,P23142,Secondary,0 0 0 0 0 0 <TARGET> Fibulin-1 FBLN1 0 13 0,0.5618006563816317
10.1111_cas.12935,P24593,Secondary,0 7 0 HPA003156 1 0 0 <TARGET> Insulin-like growth factor- binding protein 5 0,0.5456236917590511
10.1111_cas.12935,P24821,Secondary,1 4 0 0 0 0 0 <TARGET> Tenascin 0 0 0,0.5603793575729384
10.1111_cas.12935,P51884,Secondary,0 11 0 0 1.8 9 0 <TARGET> Lumican LUM 0 0 1.32,0.551127994418172
10.1111_cas.12935,P53004,Secondary,31 0 0 0 1.32 17 0 <TARGET> Biliverdin reductase A 0 0 5,0.5524976096338218
10.1111_cas.12935,Q08629,Secondary,0 0 5 0 1.08 18 0 <TARGET> Testican-1 (protein SPOCK) SPOCK1 0,0.5542806935938186
10.1111_cas.12935,Q12907,Secondary,112 0 0 0 0 0 <TARGET> Lectin 2 2 0,0.5562446701294674
10.1111_cas.12935,Q96AG4,Secondary,2 2 0 0 0 0 <TARGET> Leucine-rich repeat- containing protein 59 LRRC59,0.558053595885986
10.1111_cas.12935,Q99538,Secondary,location Normal Breast n c c n <TARGET> Legumain LGMN 7 24 13 1 1 2,0.5426260433625346
10.1111_eva.12151,https://doi.org/10.5061/dryad.3978f,Primary,"used for analysis are available from the Dryad Digital Repository: <TARGET> Literature cited Alizon, S., V. von Wyl, T. Stadler,",0.8238131019878407
10.1111_eva.12446,https://doi.org/10.5061/dryad.7g2c9,Primary,"in this study are available at Data Dryad Digital Repository: <TARGET> REFERENCES Azzalini, A., & Capitanio, A. (1999). Statistical applications",0.8287894798638018
10.1111_ggr.12517,https://doi.org/10.5281/zenodo.7804445,Primary,"ESM is published on Zenodo (https:// zenodo.org/) under the DOI: 10.5281/<TARGET> the files: ESM_Data.xlsx, ESM_Figure-S1.pdf, ESM_Reporting-template.xlsx, ESM_Technical-protocol.xlsx, and GeoReM_Material_Sr8786_Date.xlsx.",0.8139597959545593
10.1111_mec.16977,https://doi.org/10.5061/dryad.4mw6m90cz,Primary,"available at <URL> gov/bioproject/PRJNA955776. Additional data at Dryad <TARGET> Dryad files include phenotypic measures, files for geometric",0.7423185452265245
10.1128_JVI.01717-21,EPI_ISL_291131,Primary,G G No R Q E No ESEV <TARGET>_A/Chicken/Jiangsu/1/2018(H7N4) E,0.6469280985230798
10.1128_JVI.01717-21,EPI_ISL_293286,Primary,G G No R Q K No ESEV <TARGET>_A/Chicken/Jiangsu/103/2018(H7N4) Q E,0.6450530117135053
10.1128_JVI.01717-21,EPI_ISL_293287,Primary,G G No R Q E No ESEV <TARGET>_A/Duck/Jiangsu/4/2018(H7N4) E,0.6631094032131117
10.1128_JVI.01717-21,EPI_ISL_293288,Primary,G G No R Q E No ESEV <TARGET>_A/Duck/Jiangsu/8/2018(H7N4) E,0.6648687439233297
10.1128_JVI.01717-21,EPI_ISL_293289,Primary,G G No R Q E No ESEV <TARGET>_A/Duck/Jiangsu/12/2018(H7N4) E,0.6560025927126256
10.1128_JVI.01717-21,EPI_ISL_293290,Primary,G G No R Q E No ESEV <TARGET>_A/Duck/Jiangsu/13/2018(H7N4) E,0.657785082642715
10.1128_JVI.01717-21,EPI_ISL_293291,Primary,G G No R Q E No ESEV <TARGET>_A/Duck/Jiangsu/16/2018(H7N4) E,0.6595675725728043
10.1128_JVI.01717-21,EPI_ISL_332358,Primary,G G No R Q E No ESEV <TARGET>_A/chicken/Jiangsu/1/2018(H7N4) E,0.6487568868929117
10.1128_JVI.01717-21,EPI_ISL_332395,Primary,G G No R Q E No ESEV <TARGET>_A/chicken/Jiangsu/2/2018(H7N4) E,0.6505856752627437
10.1128_JVI.01717-21,EPI_ISL_332396,Primary,G G No R Q E No ESEV <TARGET>_A/chicken/Jiangsu/3/2018(H7N4) E,0.6524144636325756
10.1128_JVI.01717-21,EPI_ISL_332399,Primary,G G No R Q E No ESEV <TARGET>_A/duck/Jiangsu/1/2018(H7N4) E,0.6542432520024075
10.1128_JVI.01717-21,EPI_ISL_332401,Primary,G G No R Q E No ESEV <TARGET>_A/duck/Jiangsu/2/2018(H7N4) E,0.6613500625028936
10.1128_JVI.01717-21,EPI_ISL_376123,Primary,G G No R Q E No ESEV <TARGET>_A/Jiangsu/1/2018(H7N4) Q K,0.6434094171026437
10.1128_JVI.01717-21,EPI_ISL_445089,Primary,"2019 April 26 A/little curlew/Liaoning/dandong142/2019(H7N4) 4 Little curlew (Numenius minutus) <TARGET> Inuenza A(H7N4) in Shorebirds, China Journal of Virology February",0.297560072225566
10.1128_spectrum.00422-24,K02398,Secondary,DKPENOPO_04630 DKPENOPO_04931 fliW K13626 Flagellar assembly factor FliW DKPENOPO_04935 flgM <TARGET> Negative regulator of flagellin synthesis FlgM DKPENOPO_03990 flhF,0.16693070403811
10.1128_spectrum.00422-24,K02404,Secondary,flgM K02398 Negative regulator of flagellin synthesis FlgM DKPENOPO_03990 flhF <TARGET> Flagellar biosynthesis protein FlhF DKPENOPO_03989 flhG,0.16775051238021382
10.1128_spectrum.00422-24,K02405,Secondary,FliS DKPENOPO_04941 DKPENOPO_04921 fliT K02423 Flagellar protein FliT DKPENOPO_03984 fliA <TARGET> RNA polymerase sigma factor FliA (Continued on next page),0.14547166675898743
10.1128_spectrum.00422-24,K02407,Secondary,hook-associated protein 3 FlgL DKPENOPO_00876 fliC/hag K02406 Flagellin DKPENOPO_04923 fliD <TARGET> protein 2 DKPENOPO_04922 fliS K02422 Flagellar secretion,0.14336675344818037
10.1128_spectrum.00422-24,K02412,Secondary,fliH K02411 Flagellar assembly protein Flagellar proteins DKPENOPO_04006 fliI <TARGET> Flagellum-specific ATP synthase DKPENOPO_04005 fliJ protein FliJ,0.1259070514595912
10.1128_spectrum.00422-24,PF00356,Secondary,"study identified comparable levels of Pfam LacI transcriptional factor domains (<TARGET> and PF13377) in both and soil genomes, which",0.4780590483576137
10.1128_spectrum.00422-24,PF01052,Secondary,"6% and 3% of the variance, respectively. Pfam domains PF04509, <TARGET>, PF02154, PF03748, and PF04347, associated with and",0.2828006425524843
10.1128_spectrum.00422-24,PF02154,Secondary,"and 3% of the variance, respectively. Pfam domains PF04509, PF01052, <TARGET>, PF03748, and PF04347, associated with and flagella",0.28290034897246996
10.1128_spectrum.00422-24,PF03748,Secondary,"3% of the variance, respectively. Pfam domains PF04509, PF01052, PF02154, <TARGET>, PF03963, and PF04347, associated with and flagella biosynthesis",0.28300005539245554
10.1128_spectrum.00422-24,PF03963,Secondary,"of the variance, respectively. Pfam domains PF04509, PF01052, PF02154, PF03748, <TARGET>, and PF04347, associated with and flagella biosynthesis (Table",0.2830997618124411
10.1128_spectrum.00422-24,PF04347,Secondary,"variance, respectively. Pfam domains PF04509, PF01052, PF02154, PF03748, PF03963, and <TARGET>, associated with and flagella biosynthesis (Table and",0.2832548606879743
10.1128_spectrum.00422-24,PF13377,Secondary,"comparable levels of Pfam LacI transcriptional factor domains (PF00356 and <TARGET>) in both and soil genomes, which were significantly",0.47820306874203733
10.1136_jitc-2021-003114,CVCL_0213,Secondary,"NaCl. The lead clone BC261 was expressed in CHO cells (RRID:<TARGET>). Antibodies were purified with protein A affinity column chromatography,",0.15508853862619187
10.1136_jitc-2021-003114,CVCL_0395,Secondary,"Prostate cancer cell lines, CWR22 (RRID:CVCL_3967), LNCaP-AR (CLS Cat# 300265/p761_LNCaP, RRID:<TARGET>), and VCaP (RRID:CVCL_2235) were purchased from ATCC. Canine",0.16389375364856976
10.1136_jitc-2021-003114,CVCL_0530,Secondary,"EFT cell lines, TC-32 (RRID:CVCL_7151), TC71 (RRID:CVCL_2213), SK-ES-1 (RRID:CVCL_0627), SK-N- MC(RRID:<TARGET>), and A4573 (RRID:CVCL_6245) were purchased from ATCC; SKEAW, SKELP,",0.15961276512940262
10.1136_jitc-2021-003114,CVCL_0627,Secondary,"cell lines cell lines, TC-32 (RRID:CVCL_7151), TC71 (RRID:CVCL_2213), SK-ES-1 (RRID:<TARGET>), SK-N- MC(RRID:CVCL_0530), and A4573 (RRID:CVCL_6245) were purchased from ATCC;",0.15919115262372704
10.1136_jitc-2021-003114,CVCL_1916,Secondary,"(RRID:CVCL_2235) were purchased from ATCC. Canine osteosarcoma cell lines, D-17 (RRID:<TARGET>), DAN (RRID:CVCL_1917), DSN (RRID:CVCL_1919), and DSDh",0.1656612829992865
10.1136_jitc-2021-003114,CVCL_1917,Secondary,"purchased from ATCC. Canine osteosarcoma cell lines, D-17 (RRID:CVCL_1916), DAN (RRID:<TARGET>), DSN (RRID:CVCL_1919), and DSDh (RRID:CVCL_1918) ATCC.",0.16603424790815333
10.1136_jitc-2021-003114,CVCL_1918,Secondary,"cell lines, D-17 (RRID:CVCL_1916), DAN (RRID:CVCL_1917), DSN (RRID:CVCL_1919), and DSDh (RRID:<TARGET>) were purchased from ATCC. All cancer were authenticated",0.16684504118829863
10.1136_jitc-2021-003114,CVCL_1919,Secondary,"ATCC. Canine osteosarcoma cell lines, D-17 (RRID:CVCL_1916), DAN (RRID:CVCL_1917), DSN (RRID:<TARGET>), and DSDh (RRID:CVCL_1918) were purchased ATCC. All cancer",0.16639099695141726
10.1136_jitc-2021-003114,CVCL_2213,Secondary,"40C. Tumor cell lines cell lines, TC-32 (RRID:CVCL_7151), TC71 (RRID:<TARGET>), SK-ES-1 (RRID:CVCL_0627), SK-N- MC(RRID:CVCL_0530), and A4573 (RRID:CVCL_6245) were purchased",0.1587695401180515
10.1136_jitc-2021-003114,CVCL_2235,Secondary,"lines, CWR22 (RRID:CVCL_3967), LNCaP-AR (CLS Cat# 300265/p761_LNCaP, RRID:CVCL_0395), and VCaP (RRID:<TARGET>) were purchased from ATCC. Canine osteosarcoma lines, D-17",0.16434779788545112
10.1136_jitc-2021-003114,CVCL_3967,Secondary,"Kettering Cancer Center (MSKCC) investigators. Prostate cancer cell lines, CWR22 (RRID:<TARGET>), LNCaP-AR (CLS Cat# 300265/p761_LNCaP, RRID:CVCL_0395), and VCaP (RRID:CVCL_2235) were",0.16298566517480703
10.1136_jitc-2021-003114,CVCL_6245,Secondary,"TC-32 (RRID:CVCL_7151), TC71 (RRID:CVCL_2213), SK-ES-1 (RRID:CVCL_0627), SK-N- MC(RRID:CVCL_0530), and A4573 (RRID:<TARGET>) were purchased from ATCC; SKEAW, SKELP, were provided",0.16006680936628398
10.1136_jitc-2021-003114,CVCL_7151,Secondary,"weeks at 40C. Tumor cell lines cell lines, TC-32 (RRID:<TARGET>), TC71 (RRID:CVCL_2213), SK-ES-1 (RRID:CVCL_0627), SK-N- MC(RRID:CVCL_0530), and A4573 (RRID:CVCL_6245)",0.15838035934358177
10.1136_jitc-2021-003114,CVCL_D615,Secondary,was produced using the Expi293 expression system (Thermo Fisher Scientific RRID:<TARGET>) or HEK 293T cell (RRID:CVCL_KS61) and main- tained in,0.15229940974249206
10.1136_jitc-2021-003114,CVCL_KS61,Secondary,expression system (Thermo Fisher Scientific RRID:CVCL_D615) or HEK 293T cell (RRID:<TARGET>) and main- tained in pH 8.2 50mM of citrate,0.15286696503859376
10.1177_0018720820970751,https://doi.org/10.4121/13077797,Primary,and scripts are available at: https:// doi. org/ 10. 4121/ <TARGET> REFERENCES $FNHUPDQQ&%HJJLDWR06FKXEHUW6 .UHPV-)  An experimental study to,0.8130575096091087
10.1186_s13039-022-00631-z,GSE67047,Secondary,"(b) 30 Spanish (IBS) files downloaded from GEO data set <TARGET> [35] 30 Caucasian (CEU) and 10 Yoruba (YRI),",0.5368328926296972
10.1186_s13039-022-00631-z,GSE87048,Secondary,"with breast cancer (MXM_WBC) [34] from the GEO open database (<TARGET>). the MXM, they will the Healthy",0.5344866112993929
10.1212_wnl.0000000000006035,https://doi.org/10.5061/dryad.tq61224,Primary,"material OMAS serum samples (data available from Dryad, table 1, doi.org/10.5061/<TARGET>) were collected at from 16 children (median age",0.154088267052634
10.1242_bio.035071,https://doi.org/10.5061/dryad.dk5gt88,Primary,"USA. Data Data available from the Dryad Digital Repository: <TARGET> (Nerlekar, 2018) Supplementary Supplementary available online at",0.8127795352896259
10.1242_jeb.211466,https://doi.org/10.5061/dryad.gtht76hhb,Primary,"ray mechanosensation during steady swimming in Scarus quoyi. Dryad Dataset doi:10.5061/<TARGET> Alben, S., Madden, P. G. and G. V.",0.7876457099178291
10.12688_f1000research.10556.1,https://doi.org/10.5256/f1000research.10556.d148743,Primary,Committee (Reference number: E10102013). Dataset 1. Pregnant Women MAS Project <TARGET> The data has 287 pregnant women participants with self-explanatory,0.28427487829729425
10.12688_f1000research.10556.1,https://doi.org/10.5256/f1000research.10556.d148744,Primary,analysed in the paper. Dataset 2. Adolescent Girls MAS Project <TARGET> The data has 891 adolescent girls participants with self-explanatory,0.29318087474999055
10.12688_f1000research.11698.1,https://doi.org/10.5256/f1000research.11698.d163781,Primary,01 2 3 4 BMI >21 <21 Dataset 1. Demographics <TARGET> List of all unique study subject IDs (USUBJID) and,0.4151907691702868
10.12688_f1000research.11698.1,https://doi.org/10.5256/f1000research.11698.d163782,Primary,"subjects to their matched COPD subject. Dataset 2. Vital Signs <TARGET> Table of body mass index, diastolic and systolic blood",0.42303382933972833
10.12688_f1000research.11698.1,https://doi.org/10.5256/f1000research.11698.d163783,Primary,"(VISITNUM) at which measurements were obtained. Dataset 3. Lung Function <TARGET> Table of lung function data for each subject, including",0.43066066479271914
10.12688_f1000research.11698.1,https://doi.org/10.5256/f1000research.11698.d163784,Primary,"(VISITNUM) at which measurements were obtained. Dataset 4. Impulse Oscillometry <TARGET> Table of impulse oscillometry data for each subject, including",0.4460322764531284
10.12688_f1000research.11698.1,https://doi.org/10.5256/f1000research.11698.d163786,Primary,number (VISITNUM) at which measurements were obtained. Dataset 5. Stethographics <TARGET> Stethographics measures for each were for 2,0.4542684724706622
10.12688_f1000research.11698.1,https://doi.org/10.5256/f1000research.11698.d163788,Primary,6:877 Last updated: 14 NOV 2024 Dataset 6. Lung HRCT <TARGET> HRCT data for each subject are presented as scores,0.5048257425353331
10.12688_f1000research.11698.1,https://doi.org/10.5256/f1000research.11698.d163789,Primary,"HRCT scans were obtained. Dataset 7. Cardiopulmonary Exercise Tolerance Test <TARGET> Cardiopulmonary exercise tolerance test data, i.e. heart rate, gas",0.5241090558842608
10.12688_f1000research.11698.1,https://doi.org/10.5256/f1000research.11698.d163790,Primary,number (VISITNUM) at which measurements were obtained. Dataset 8. Questionnaires <TARGET> Table listing individual scores for: - Modified Medical Research,0.5365911190611916
10.12688_f1000research.13064.1,https://doi.org/10.5256/f1000research.13064.d183806,Primary,"measurements: Flow-I Flow-I desflurane, Aisys sevoflurane Aisys desflurane <TARGET> Page 5 of 16 F1000Research 2017, 6:1997 Last updated:",0.3284472633309843
10.12688_f1000research.13483.1,https://doi.org/10.5256/f1000research.13483.d188591,Primary,symptoms among individuals exposed to ambient levels of air pollution <TARGET> Discussion This study explored of ocular surface,0.29721486074303716
10.12688_f1000research.13622.1,https://doi.org/10.5256/f1000research.13622.d194234,Primary,TTC-stained seeds subjected to the Rapid cryopreservation process: Sobralia rosea <TARGET> Dataset,0.3405318191690713
10.12688_f1000research.13622.1,https://doi.org/10.5256/f1000research.13622.d194235,Primary,TTC-stained seeds subjected to the Rapid cryopreservation process: Epidendrum anderssonii <TARGET> Dataset 4. Percentage for seed viability calculations <URL> Table,0.34537218033448136
10.12688_f1000research.13622.1,https://doi.org/10.5256/f1000research.13622.d194236,Primary,"Epidendrum anderssonii <URL> Dataset 4. Percentage for seed viability calculations <TARGET> Table 2. Experimental design, testing orchid seeds cryopreservation -",0.34872319960284215
10.12688_f1000research.13852.1,https://doi.org/10.5256/f1000research.13852.d195529,Primary,"for various parameters calculated in conventional and organic managed soils <TARGET> Parameters as follows: pH, Organic material (percentage), Total",0.5985638699924414
10.12688_f1000research.4660.1,https://doi.org/10.5256/f1000research.4660.d34165,Primary,sets for behavioral tasks in wild type and GlunN2BKI mice <TARGET> The raw data tables show the performances the,0.4741214057507987
10.1371_journal.pcbi.1011828,E-PROT-100,Secondary,"vesicles, blood serum, cell lines Colorectum, blood PXD005709 [62] <TARGET> 36 Yes (3) 6 5,861 85,013 79,181 5,091",0.1732010227687812
10.1371_journal.pcbi.1011828,E-PROT-101,Secondary,"Yes (3) 12 6 5,861 85,013 79,181 5,091 PXD005693 [62] <TARGET> 15 15 8 PXD020454 [63] E-PROT-102",0.1740289784488007
10.1371_journal.pcbi.1011828,E-PROT-102,Secondary,"5,091 PXD005693 [62] E-PROT-101 15 15 8 PXD020454 [63] <TARGET> 45 Yes 15 PXD010458 [64] E-PROT-107 Yes",0.17447948374528188
10.1371_journal.pcbi.1011828,E-PROT-103,Secondary,"Solid samples Mucosa, colorectal colorectal carcinoma Colorectum PXD001676 [58] <TARGET> 16 16 8 9,711 215,033 196,017 8,949 PXD002137",0.16839157433337393
10.1371_journal.pcbi.1011828,E-PROT-104,Secondary,"16 16 8 9,711 215,033 196,017 8,949 PXD002137 [59] <TARGET> 192 Yes (6) 32 25 PXD014511 [60] E-PROT-105",0.16918300255692195
10.1371_journal.pcbi.1011828,E-PROT-105,Secondary,PXD002137 [59] E-PROT-104 192 Yes (6) 32 25 PXD014511 [60] <TARGET> Yes (5) 62 52 PXD019504 [61] E-PROT-106 74,0.16971873858516986
10.1371_journal.pcbi.1011828,E-PROT-106,Secondary,PXD014511 [60] E-PROT-105 310 Yes (5) 62 52 PXD019504 [61] <TARGET> 74 74 37 CPTAC PDC000111 [31] E-PROT-23,0.17025447461341775
10.1371_journal.pcbi.1011828,E-PROT-107,Secondary,8 PXD020454 [63] E-PROT-102 45 Yes (3) 15 PXD010458 [64] <TARGET> Yes (24) 6 16 JPST000867 [65] E-PROT-108 68,0.1749665164982345
10.1371_journal.pcbi.1011828,E-PROT-108,Secondary,PXD010458 [64] E-PROT-107 144 Yes (24) 6 16 JPST000867 [65] <TARGET> 68 No 36 17 PXD031556 [66] E-PROT-109 No,0.17551442834530623
10.1371_journal.pcbi.1011828,E-PROT-109,Secondary,16 JPST000867 [65] E-PROT-108 68 No 36 17 PXD031556 [66] <TARGET> No 79 40 PXD032899 [30] E-PROT-110 54 Yes,0.17597710946061124
10.1371_journal.pcbi.1011828,E-PROT-110,Secondary,17 PXD031556 [66] E-PROT-109 79 79 40 PXD032899 [30] <TARGET> 54 Yes (3) 3 Total 7 datasets 441,0.17643979057591622
10.1371_journal.pcbi.1011828,E-PROT-23,Secondary,PXD019504 [61] E-PROT-106 74 74 37 CPTAC PDC000111 [31] <TARGET> 1425 Yes (15) 90 90 Total solid 5,0.17079021064166566
10.1371_journal.pcbi.1011828,PXD001676,Secondary,"proteins) mapped Solid samples Mucosa, colorectal colorectal carcinoma Colorectum <TARGET> [58] E-PROT-103 16 16 8 9,711 215,033 196,017",0.1682089370510167
10.1371_journal.pcbi.1011828,PXD002137,Secondary,"[58] E-PROT-103 16 16 8 9,711 215,033 196,017 8,949 <TARGET> [59] E-PROT-104 192 Yes (6) 32 25 PXD014511 [60]",0.16900036527456472
10.1371_journal.pcbi.1011828,PXD005693,Secondary,"E-PROT-100 36 Yes (3) 6 5,861 85,013 79,181 5,091 <TARGET> [62] E-PROT-101 15 15 8 PXD020454 [63] E-PROT-102",0.17384634116644343
10.1371_journal.pcbi.1011828,PXD005709,Secondary,"fluid, extracellular vesicles, blood serum, cell lines Colorectum, blood <TARGET> [62] E-PROT-100 36 Yes (3) 6 5,861 85,013",0.17301838548642395
10.1371_journal.pcbi.1011828,PXD010458,Secondary,No 15 8 PXD020454 [63] E-PROT-102 45 Yes 15 <TARGET> [64] E-PROT-107 Yes (24) 6 16 JPST000867 [65],0.17478387921587726
10.1371_journal.pcbi.1011828,PXD014511,Secondary,"196,017 8,949 PXD002137 [59] E-PROT-104 192 Yes (6) 32 25 <TARGET> [60] E-PROT-105 Yes (5) 62 52 PXD019504 [61]",0.1695361013028126
10.1371_journal.pcbi.1011828,PXD019504,Secondary,32 25 PXD014511 [60] E-PROT-105 310 Yes (5) 62 52 <TARGET> [61] E-PROT-106 74 74 37 CPTAC PDC000111 [31],0.17007183733106052
10.1371_journal.pcbi.1011828,PXD020454,Secondary,"85,013 79,181 5,091 PXD005693 [62] E-PROT-101 15 15 8 <TARGET> [63] E-PROT-102 45 Yes 15 PXD010458 [64] E-PROT-107",0.17429684646292462
10.1371_journal.pcbi.1011828,PXD031556,Secondary,(24) 6 16 JPST000867 [65] E-PROT-108 68 No 36 17 <TARGET> [66] E-PROT-109 No 79 40 PXD032899 [30] E-PROT-110,0.17579447217825397
10.1371_journal.pcbi.1011828,PXD032899,Secondary,No 36 17 PXD031556 [66] E-PROT-109 No 79 40 <TARGET> [30] E-PROT-110 54 Yes (3) 3 Total 7,0.17625715329355898
10.1371_journal.pntd.0005385,https://doi.org/10.5061/dryad.72v34,Primary,source are credited. Data Availability are available at doi:10.5061/<TARGET> from the Dryad data repository. Funding: This work was,0.218627560729878
10.1371_journal.pone.0070749,https://doi.org/10.5061/dryad.5q1sb,Primary,"4523251.3, 4523276.3, 4523278.3, 4523303.3, 4523274.3 and on datadryad.org under doi:10.5061/ <TARGET>. The data in the dryad repository includes sequence quality.",0.8044234592445328
10.1371_journal.pone.0117675,https://doi.org/10.5061/dryad.7pd40,Primary,Availability Statement: Data are available from Dryad under the DOI doi:10.5061/<TARGET>. Funding: This work was undertaken with funding to SW,0.07521803871516698
10.1371_journal.pone.0137181,https://doi.org/10.5061/dryad.m4r46,Primary,and R script available on Dryad Digital Repository (DOI: 10.5061/ <TARGET>). Funding: MB was funded by the University of,0.06101099845949916
10.1371_journal.pone.0139215,https://doi.org/10.5061/dryad.27m63,Primary,credited. Data Availability Data are available from Dryad at <TARGET> Funding: This work was supported by the Ohio University,0.04481245781506123
10.1371_journal.pone.0159387,CP013147,Secondary,was submitted to GenBank under BioProject PRJNA296687 with accession numbers <TARGET> (chromosome I) (chromosome II). Raw sequences of,0.08530805687203792
10.1371_journal.pone.0159387,PRJNA10687,Secondary,PRJNA65041 Canicola Fiocruz LV133 LEP1GSC069 PRJNA167235 Fiocruz L1-130 LIC <TARGET> Lai 56601 LA Lai IPAV LIF PRJNA32553 Linhai,0.2531156749166228
10.1371_journal.pone.0159387,PRJNA16148,Secondary,(type A) L550 LBL PRJNA16146 (type B) JB197 LBJ <TARGET> Mini 200901116 LEP1GSC190 PRJNA167259 Pomona 200901868 LEP1GSC133 PRJNA167255 L.,0.24401313974773692
10.1371_journal.pone.0159387,PRJNA167235,Secondary,LEP1GSC087 PRJNA74089 Bulgarica Mallika LEP1GSC007 PRJNA65041 Canicola Fiocruz LV133 LEP1GSC069 <TARGET> Fiocruz L1-130 LIC PRJNA10687 Lai 56601 LA,0.25203741317485395
10.1371_journal.pone.0159387,PRJNA167255,Secondary,JB197 LBJ PRJNA16148 Mini 200901116 LEP1GSC190 PRJNA167259 Pomona 200901868 LEP1GSC133 <TARGET> L. interrogans --- Brem 329 LEP1GSC057 --- FPW1039,0.24594398054113695
10.1371_journal.pone.0159387,PRJNA167259,Secondary,PRJNA16146 Hardjo (type B) JB197 LBJ PRJNA16148 Mini 200901116 LEP1GSC190 <TARGET> Pomona 200901868 LEP1GSC133 PRJNA167255 L. interrogans --- Brem 329,0.2449409463627473
10.1371_journal.pone.0159387,PRJNA185511,Secondary,IPAV LIF PRJNA32553 Linhai 56609 LIL PRJNA217894 Hardjo Norma G436 <TARGET> Manilae UP-MMC-NIID LP LIMLP PRJNA287300 Pomona Pomona LEP1GSC014 PRJNA65043,0.2557235637804358
10.1371_journal.pone.0159387,PRJNA217894,Secondary,56601 LA PRJNA293 Lai IPAV LIF PRJNA32553 Linhai 56609 LIL <TARGET> Hardjo Norma G436 PRJNA185511 Manilae UP-MMC-NIID LP LIMLP PRJNA287300,0.2549712881466436
10.1371_journal.pone.0159387,PRJNA287300,Secondary,LIL PRJNA217894 Hardjo Norma G436 PRJNA185511 Manilae UP-MMC-NIID LP LIMLP <TARGET> Pomona Pomona LEP1GSC014 PRJNA65043 Pyrogenes 2006006960 LEP1GSC019 PRJNA74039 L.,0.2567516738132852
10.1371_journal.pone.0159387,PRJNA296687,Secondary,Statement: The sequenced genome was submitted to GenBank under BioProject <TARGET> with accession numbers CP013147 (chromosome I) (chromosome,0.08443040196594699
10.1371_journal.pone.0159387,PRJNA32553,Secondary,L1-130 LIC PRJNA10687 Lai 56601 LA Lai IPAV LIF <TARGET> Linhai 56609 LIL PRJNA217894 Hardjo Norma G436 PRJNA185511 Manilae,0.25426916422177087
10.1371_journal.pone.0159387,PRJNA65041,Secondary,FPW2026 LEP1GSC080 PRJNA74077 Bataviae L1111 LEP1GSC087 PRJNA74089 Bulgarica Mallika LEP1GSC007 <TARGET> Canicola Fiocruz LV133 LEP1GSC069 PRJNA167235 Fiocruz L1-130 LIC,0.2509089997241656
10.1371_journal.pone.0159387,PRJNA65043,Secondary,G436 PRJNA185511 Manilae UP-MMC-NIID LP LIMLP PRJNA287300 Pomona Pomona LEP1GSC014 <TARGET> Pyrogenes 2006006960 LEP1GSC019 PRJNA74039 L. kirschneri --- H1 LEP1GSC081,0.2576794804282956
10.1371_journal.pone.0159387,PRJNA74039,Secondary,LP LIMLP PRJNA287300 Pomona Pomona LEP1GSC014 PRJNA65043 Pyrogenes 2006006960 LEP1GSC019 <TARGET> L. kirschneri --- H1 LEP1GSC081 --- H2 LEP1GSC082,0.2587577421700644
10.1371_journal.pone.0159387,PRJNA74077,Secondary,329 LEP1GSC057 PRJNA167229 --- FPW1039 LEP1GSC079 --- FPW2026 LEP1GSC080 <TARGET> Bataviae L1111 LEP1GSC087 PRJNA74089 Bulgarica Mallika LEP1GSC007 PRJNA65041 Canicola,0.24897815893076555
10.1371_journal.pone.0159387,PRJNA74089,Secondary,FPW1039 LEP1GSC079 PRJNA167242 --- FPW2026 LEP1GSC080 PRJNA74077 Bataviae L1111 LEP1GSC087 <TARGET> Bulgarica Mallika LEP1GSC007 PRJNA65041 Canicola Fiocruz LV133 LEP1GSC069 PRJNA167235,0.24990596554577596
10.1371_journal.pone.0159387,PRJNA74123,Secondary,LT 821 LSS PRJNA47139 L. weilii --- UI 13098 LEP1GSC108 <TARGET> doi:10.1371/journal.pone.0159387.t001 Phylogenomic Analysis of Leptospira interrogans Serovar Hardjo PLOS,0.26417412673336843
10.1371_journal.pone.0159387,SRX1830060,Secondary,"in the Sequence Read Archive (SRA) the accession code <TARGET>. Funding: Funded by University of Georgia, Provost's Summer Research",0.08927004187667695
10.1371_journal.pone.0212669,E-GEOD-19722,Secondary,used in the cross-study analysis. Accession Number Sample Size Reference <TARGET> 46 [30] E-GEOD-28654 112 [31] E-GEOD-29623 65 [32] E-GEOD-39084,0.6746158260536887
10.1371_journal.pone.0212669,E-GEOD-28654,Secondary,"ArrayExpress (<URL> ) with the following accession numbers; E-GEOD- 19722, <TARGET>, E-GEOD- 39084, E-GEOD-45216, E-GEOD- 46474, E-GEOD-48278,",0.2466364853663202
10.1371_journal.pone.0212669,E-GEOD-39084,Secondary,Reference E-GEOD-19722 46 [30] E-GEOD-28654 112 [31] E-GEOD-29623 65 [32] <TARGET> 70 [33] E-GEOD-45216 31 [34] E-GEOD-45670 38 [35] E-GEOD-46474,0.6786966779315182
10.1371_journal.pone.0212669,E-GEOD-45216,Secondary,"the following accession numbers; E-GEOD- 19722, E-GEOD-28654, E-GEOD- 39084, <TARGET>, E-GEOD- 46474, E-GEOD-48278, E-GEOD- 48780, E-GEOD-49243,",0.2493783077217369
10.1371_journal.pone.0212669,E-GEOD-46474,Secondary,"[32] E-GEOD-39084 70 [33] E-GEOD-45216 31 [34] E-GEOD-45670 38 [35] <TARGET> 40 [36] E-GEOD-48278 57 [37] E-GEOD-48350 83 [38, 39]",0.6827137664987566
10.1371_journal.pone.0212669,E-GEOD-48278,Secondary,"E-GEOD- 19722, E-GEOD-28654, E-GEOD- 39084, E-GEOD-45216, E-GEOD- 46474, <TARGET>, E-GEOD- 48780, E-GEOD-49243, E-GEOD- 53224, E-GEOD-53890,",0.2521201300771536
10.1371_journal.pone.0212669,E-GEOD-48780,Secondary,"E-GEOD-46474 40 [36] E-GEOD-48278 57 [37] E-GEOD-48350 83 [38, 39] <TARGET> 49 [40] E-GEOD-49243 73 [41, 42] E-GEOD-50774 21 [43]",0.6869859083083594
10.1371_journal.pone.0212669,E-GEOD-49243,Secondary,"E-GEOD- 39084, E-GEOD-45216, E-GEOD- 46474, E-GEOD-48278, E-GEOD- 48780, <TARGET>, E-GEOD- 53224, E-GEOD-53890, E-GEOD- 54837, E-GEOD-58697,",0.2548619524325703
10.1371_journal.pone.0212669,E-GEOD-53224,Secondary,"E-GEOD-48780 49 [40] E-GEOD-49243 73 [41, 42] E-GEOD-50774 21 [43] <TARGET> 53 [44] E-GEOD-53890 41 [45] E-GEOD-54543 30 [46] E-GEOD-54837",0.6912580501179622
10.1371_journal.pone.0212669,E-GEOD-53890,Secondary,"E-GEOD- 46474, E-GEOD-48278, E-GEOD- 48780, E-GEOD-49243, E-GEOD- 53224, <TARGET>, E-GEOD- 54837, E-GEOD-58697, E-GEOD- variance and known",0.257603774787987
10.1371_journal.pone.0212669,E-GEOD-54837,Secondary,[43] E-GEOD-53224 53 [44] E-GEOD-53890 41 [45] E-GEOD-54543 30 [46] <TARGET> 226 [47] E-GEOD-58697 124 [48] E-GEOD-59312 79 [49],0.6952751386852005
10.1371_journal.pone.0212669,E-GEOD-58697,Secondary,"E-GEOD- 48780, E-GEOD-49243, E-GEOD- 53224, E-GEOD-53890, E-GEOD- 54837, <TARGET>, E-GEOD- variance and known biological factors. However, this",0.26034559714340366
10.1371_journal.pone.0212669,E-GEOD-61804,Secondary,"ONE | <URL> February 22, 2019 2 / 15 60028, <TARGET>, E-GEOD-63626, E-GEOD- 64415, E-GEOD-64857, E-GEOD- 68720. Funding: The",0.5539756424153542
10.1371_journal.pone.0212669,E-GEOD-63626,Secondary,"| <URL> February 22, 2019 2 / 15 60028, E-GEOD-61804, <TARGET>, E-GEOD- 64415, E-GEOD-64857, E-GEOD- 68720. Funding: The authors",0.5548683287636295
10.1371_journal.pone.0212669,E-GEOD-64415,Secondary,[49] E-GEOD-60028 24 [50] E-GEOD-61804 325 [51] E-GEOD-63626 63 [52] <TARGET> 209 [53] E-GEOD-64857 81 [54] E-GEOD-67851 31 [55] E-GEOD-68720,0.7035006057514506
10.1371_journal.pone.0212669,E-GEOD-64857,Secondary,"22, 2019 2 / 15 60028, E-GEOD-61804, E-GEOD-63626, E-GEOD- 64415, <TARGET>, E-GEOD- 68720. Funding: The authors received no specific",0.5567174647707709
10.1371_journal.pone.0212669,E-GEOD-68720,Secondary,[52] E-GEOD-64415 209 [53] E-GEOD-64857 81 [54] E-GEOD-67851 31 [55] <TARGET> 97 [56] The table describes each datasets accession number,0.7075814576292802
10.1371_journal.pone.0253228,https://doi.org/10.5061/dryad.j0zpc86f2,Primary,have been uploaded to the DRYAD database the DOI 10.5061/<TARGET>. Funding: Shayla Sharmin gratefully the awarding a,0.3367585240541803
10.1371_journal.pone.0262974,7nmq,Secondary,NheA NheA 97.22% 0.93 42386 0.88 93.86 - NheB <TARGET>.1.A Hbl-L1 40.82% 0.85 52397 0.69 -,0.6153441755558193
10.1534_g3.119.400401,https://doi.org/10.25387/g3.9478253,Primary,"original work is properly cited. Supplemental material available at FigShare: <TARGET> 1Correspondening author: Department of Agronomy and Plant Genetics,",0.04895833333333333
10.1534_g3.119.400993,https://doi.org/10.25387/g3.9626636,Primary,"original work is properly cited. Supplemental material available at gshare: <TARGET> 1Present address: Center for Genomics and Systems Biology, Department",0.045566194837635306
10.17581_bp.2020.09104,https://doi.org/10.15468/dl.elq8xm,Primary,accessed 16.05.2019 GBIF Occurrence Download Hookeria acutifolia. GBIF.org Available from: <TARGET> Accessed Hookeria,0.8438925824533959
10.17581_bp.2020.09104,https://doi.org/10.15468/dl.ze0mrg,Primary,"Accessed 26.09.2018 GBIF Occurrence Download Hookeria lucens. GBIF.org Available from: <TARGET> Acceessed 13.02.2019 Hijmans, R.J., S.E. Cameron, J.L. Parra, P.G.",0.8519749706687525
10.20944_preprints202009.0353.v1,https://doi.org/10.15468/dl.jx7wck,Primary,"74, 377391. 30. Global Biodiversity Information Facility (GBIF). Dataset ID: doi.org/10.15468/<TARGET>. Downloaded July 1, 2019. 31. Green, D.A., 2nd &",0.8061146357471013
10.21105_joss.04237,https://doi.org/10.15485/1843541,Secondary,"(v1). Environmental System Science Data Infrastructure a Virtual Ecosystem. <TARGET> Schwenk, J., & FoufoulaGeorgiou, E. (2016). Meander cutoffs nonlocally",0.8757159929121853
10.21203_rs.3.rs-2814013_v1,https://doi.org/10.15468/dl.qv53hc,Primary,of S. americanus was provided from GBIF Occurrence Download (<URL> 15468/<TARGET>). The was created with Quantum Geographic Information System,0.21977213029730136
10.3389_fcimb.2024.1292467,EPI_ISL_10271777,Secondary,07.23.2021 EPI_ISL_13295050 P.1.12 GR 20J (Gamma) 99.5% 12 01.31.2022 <TARGET> BA.1.1 GRA 21k (Omicron) 99.8% Nasal Swab 02.21.2023 EPI_ISL_17371329,0.6395252102088719
10.3389_fcimb.2024.1292467,EPI_ISL_13295050,Secondary,01.09.2021 EPI_ISL_2402571 B.1.1.7 GV 20E (EU1) 92.7% Saliva 11 07.23.2021 <TARGET> P.1.12 GR 20J (Gamma) 12 01.31.2022 EPI_ISL_10271777,0.6385447306652405
10.3389_fcimb.2024.1292467,EPI_ISL_1626969,Secondary,Lineage GISAID Clade Clade Genome Coverage Saliva 1 02.05.2021 <TARGET> B.1 G 20A Saliva 2 03.27.2021,0.6300620970377633
10.3389_fcimb.2024.1292467,EPI_ISL_17371329,Secondary,01.31.2022 EPI_ISL_10271777 BA.1.1 GRA 21k (Omicron) 99.8% Nasal Swab 02.21.2023 <TARGET> GRA (Omicron) 96.3% Chaki et al. 10.3389/fcimb.2024.1292467,0.6405651127551475
10.3389_fcimb.2024.1292467,EPI_ISL_2340570,Secondary,7 01.13.2021 EPI_ISL_2340626 B.1.1.519 GR 20B 99.2% Saliva 8 04.01.2021 <TARGET> B.1.1.7 GRY 20I (Alpha) 9 04.06.2021,0.6356478592863297
10.3389_fcimb.2024.1292467,EPI_ISL_2340614,Secondary,4 01.28.2021 EPI_ISL_2340662 B.1 GH 20A 98.9% Saliva 5 01.05.2021 <TARGET> B.1.1 GR 20B Saliva 01.05.2021,0.6331669489259292
10.3389_fcimb.2024.1292467,EPI_ISL_2340626,Secondary,6 01.05.2021 EPI_ISL_2340615 B.1.1 GR 20B 99% Saliva 7 01.13.2021 <TARGET> 20B Saliva 8 04.01.2021 EPI_ISL_2340570 B.1.1.7,0.634771369997326
10.3389_fmicb.2024.1456637,NC_017643.1,Secondary,"found in ETEC strains, such as pUMNK88_Hly (GenBank accession # <TARGET>). It requires further investigation to determine if the plasmid-borne",0.7023521201921104
10.3389_fmicb.2024.1456637,SAMN07159041,Secondary,SAMN04505646 2014EL-1348 Human/2014 SAMN04505647 stx-negative E. albertii 2014C-4356 Chicken Carcass/2009 <TARGET> + + 05-3106 Human/2005 + 07-3866 Human/2007,0.400120411039503
10.3389_fmicb.2024.1456637,SAMN07159044,Secondary,+ + 54-2045 (NCTC 9362) Human/1954 SAMN09534374 2010C-3449 Human/2010 <TARGET> 2013C-4143 Human/2013 SAMN08172567 aSwimming motility was observed after incubation,0.40233706881217246
10.3389_fmicb.2024.1456637,SAMN08172567,Secondary,54-2045 (NCTC 9362) Human/1954 SAMN09534374 2010C-3449 Human/2010 SAMN07159044 2013C-4143 Human/2013 <TARGET> aSwimming motility was observed after incubation at 30C for,0.4028570255736628
10.3389_fmicb.2024.1456637,SAMN09534374,Secondary,07-3866 Human/2007 SAMN07159045 + + 54-2045 (NCTC 9362) Human/1954 <TARGET> 2010C-3449 Human/2010 SAMN07159044 2013C-4143 Human/2013 SAMN08172567 aSwimming motility was,0.4018171120506821
10.3389_fmicb.2024.1456637,SAMN12620691,Secondary,water with 10% pigeon droppings RM9973 American crow (Corvus brachyrhynchos)/2009 <TARGET> + + brachyrhynchos)/2009 SAMN12620692,0.3889823898854727
10.3389_fmicb.2024.1456637,SAMN12620692,Secondary,(Corvus brachyrhynchos)/2009 SAMN12620691 + + RM9974 American brachyrhynchos)/2009 <TARGET> American brachyrhynchos)/2009 + RM10507,0.389912838827087
10.3389_fmicb.2024.1456637,SAMN12620693,Secondary,American crow (Corvus brachyrhynchos)/2009 SAMN12620692 brachyrhynchos)/2009 <TARGET> + + RM10507 Brown-headed cowbird (Molothrus ater)/2009,0.39081592162335976
10.3389_fmicb.2024.1456637,SAMN12620700,Secondary,ater)/2009 SAMN12620697 + + RM15112 Oregon Junco (Junco hyemalis)/2011 <TARGET> hyemalis)/2011 SAMN12620701,0.3935662192301903
10.3389_fmicb.2024.1456637,SAMN12620701,Secondary,Oregon Junco (Junco hyemalis)/2011 SAMN12620700 hyemalis)/2011 <TARGET> hyemalis)/2011 SAMN12620702 RM15115 White-Breasted Nuthatch,0.3943735205177675
10.3389_fmicb.2024.1456637,SAMN12620702,Secondary,Oregon Junco (Junco hyemalis)/2011 SAMN12620701 hyemalis)/2011 <TARGET> RM15115 White-Breasted Nuthatch (Sitta carolinensis)/2011 SAMN12620703,0.3951808218053446
10.3389_fmicb.2024.1456637,SAMN12620703,Secondary,Oregon Junco (Junco hyemalis)/2011 SAMN12620702 RM15115 White-Breasted Nuthatch (Sitta carolinensis)/2011 <TARGET> hyemalis)/2011 SAMN12620704 2011C-4180 Human/2011 SAMN03019926,0.39619336918298376
10.3389_fmicb.2024.1456637,SAMN12620704,Secondary,White-Breasted Nuthatch (Sitta carolinensis)/2011 SAMN12620703 RM15116 Oregon Junco (Junco hyemalis)/2011 <TARGET> 2011C-4180 Human/2011 SAMN03019926 2012EL-1823B Human/2012 SAMN04498560 2014C-4015 Human/2014 SAMN04505646,0.39700067047056087
10.3389_fmicb.2024.1456637,SAMN17525956,Secondary,"SAMN33094102, and and a poultry strain in China (<TARGET>). The gene sinH encodes an intimin-like inverse",0.679296142741814
10.3389_fpls.2023.1160645,https://doi.org/10.4121/21864590,Primary,for this study can be foundin the 4TU Data Repository: doi:10.4121/<TARGET>. Author contributions JW conrms her contribution the paper,0.7165919748066375
10.3390_s23177333,https://doi.org/10.5281/zenodo.8090619,Secondary,"presented in this study are openly available on Zenodo at 10.5281/<TARGET>, reference number [6]. Acknowledgments: During the preparation this",0.8498415586860352
10.3390_v11060565,D10700,Secondary,"shared 97% nucleotide identity with the Egyptian LPAI H9N2 virus A/chicken/Egypt/<TARGET>/2015(H9N2) (Table 1), and with virus outside",0.3565540973111396
10.3390_v11060565,EPI1018205,Secondary,EPI1184005 2016-12-15 99% A/Eur_Wig/NL-Greonterp/16015653-001/2016 H5N8 EPI1019556 99% H5N8 <TARGET> 99% H5N8 EPI954557 99%,0.4018085787451985
10.3390_v11060565,EPI1018206,Secondary,"2016-12-08 98% A/White-fronted Goose/AN/1-15-12/2016 H5N8 EPI1184004 98% H5N8 <TARGET> 98% H5N8 EPI954555 98% Viruses 2019,",0.4120918693982074
10.3390_v11060565,EPI1018207,Secondary,2017-01-19 98% A/White-fronted Goose/AN/1-15-12/2016 H5N8 EPI1183999 98% H5N8 <TARGET> 98% NP H5N8 EPI1104284 2017 99%,0.4289772727272727
10.3390_v11060565,EPI1018208,Secondary,2017-04-06 98% NP A/chicken/Egypt/Gharbiya-15/2017 H5N8 2017 99% H5N8 <TARGET> 99% H5N8 EPI1019551 99% H5N8,0.4335787451984635
10.3390_v11060565,EPI1018210,Secondary,2015-02-09 97% M A/chicken/Egypt/Gharbiya-15/2017 H5N8 2017 98% H5N8 <TARGET> 98% H5N8 EPI954554 98% H5N8,0.45054417413572345
10.3390_v11060565,EPI1018211,Secondary,EPI1104285 2017 98% A/swan/Italy/17VIR537-2/2017 H5N8 EPI954553 98% H5N8 <TARGET> 98% * GenBank accession number. Figure 1. Cont.,0.46562900128040974
10.3390_v11060565,EPI1019551,Secondary,EPI1104284 2017 99% A/duck/Egypt/F446/2017 H5N8 EPI1018208 99% H5N8 <TARGET> 99% H5N8 EPI954552 99% NA A/chicken/Egypt/D10700/2015,0.4364596670934699
10.3390_v11060565,EPI1019552,Secondary,2017-01-19 98% A/Eur_Wig/NL-Greonterp/16015653-001/2016 H5N8 EPI1019553 98% H5N8 <TARGET> 98% H5N8 EPI1104285 98% H5N8,0.45878681177976954
10.3390_v11060565,EPI1019553,Secondary,EPI1018210 2017-04-06 98% A/swan/Italy/17VIR537-2/2017 H5N8 EPI954554 98% H5N8 <TARGET> 98% NS H5N8 EPI1019552 98%,0.4557858514724712
10.3390_v11060565,EPI1019554,Secondary,2017-04-06 99% A/swan/Italy/17VIR537-2/2017 H5N8 EPI954557 99% PA H5N8 <TARGET> 2016-12-08 98% A/White-fronted H5N8 EPI1184004 98%,0.40717029449423814
10.3390_v11060565,EPI1019555,Secondary,EPI954556 2017-01-19 98% A/chicken/Egypt/Gharbiya-15/2017 H5N8 98% H5N8 <TARGET> 98% Pb1 A/White-fronted H5N8 EPI1184005 2016-12-15 99%,0.39384603072983354
10.3390_v11060565,EPI1019556,Secondary,98% Pb1 A/White-fronted Goose/AN/1-15-12/2016 H5N8 EPI1184005 2016-12-15 99% H5N8 <TARGET> 99% H5N8 EPI1018205 99% H5N8,0.3996478873239437
10.3390_v11060565,EPI1019558,Secondary,Virus Subtype Accession Number Collection Date Identity HA A/Eur_Wig/NL-Greonterp/16015653-001/2016 H5N8 <TARGET> 2016-12-08 98% H5N8 EPI954559 98% A/White-fronted,0.4216949423815621
10.3390_v11060565,EPI1104285,Secondary,2016-12-08 98% NS A/Eur_Wig/NL-Greonterp/16015653-001/2016 H5N8 98% H5N8 <TARGET> 98% H5N8 EPI954553 98% H5N8,0.46134763124199746
10.3390_v11060565,EPI1183999,Secondary,2016-12-08 98% A/swan/Italy/17VIR537-2/2017 H5N8 EPI954559 98% A/White-fronted H5N8 <TARGET> 98% H5N8 EPI1018207 98% NP,0.4268165813060179
10.3390_v11060565,EPI1184004,Secondary,99% PA A/Eur_Wig/NL-Greonterp/16015653-001/2016 H5N8 EPI1019554 2016-12-08 98% A/White-fronted H5N8 <TARGET> 98% H5N8 EPI1018206 98% H5N8,0.4099311779769526
10.3390_v11060565,EPI1184005,Secondary,98% A/Eur_Wig/NL-Greonterp/16015653-001/2016 H5N8 EPI1019555 98% Pb1 A/White-fronted H5N8 <TARGET> 2016-12-15 H5N8 EPI1019556 2016-12-08 99% H5N8,0.39676696542893725
10.3390_v11060565,EPI1184014,Secondary,Subtype Accession Number Collection Date Identity PB2 A/Ruddy Shelduck/AN/2-14-12/2016 H5N8 <TARGET> 2016-12-14 98% H5N8 EPI954556 98% H5N8,0.38628361075544176
10.3390_v11060565,EPI1387245,Primary,"on Sharing All Inuenza Data (GISAID) platform under accession number: <TARGET>-52. Viruses 2019, 11, 565 3 of 8 2.5. Genetic",0.27784891165172854
10.3390_v11060565,EPI954552,Secondary,EPI1018208 2017-04-07 99% A/Eur_Wig/NL-Greonterp/16015653-001/2016 H5N8 EPI1019551 99% H5N8 <TARGET> 99% NA A/chicken/Egypt/D10700/2015 H9N2 KX000734* 2015-02-26 97%,0.4388604353393086
10.3390_v11060565,EPI954553,Secondary,EPI1019552 2016-12-08 98% A/chicken/Egypt/Gharbiya-15/2017 H5N8 98% H5N8 <TARGET> 98% H5N8 EPI1018211 98% * GenBank,0.46350832266325226
10.3390_v11060565,EPI954554,Secondary,EPI1104286 2017 98% A/duck/Egypt/F446/2017 H5N8 EPI1018210 98% H5N8 <TARGET> 98% H5N8 EPI1019553 98% NS,0.4529449423815621
10.3390_v11060565,EPI954555,Secondary,"EPI1184004 2016-12-15 98% A/duck/Egypt/F446/2017 H5N8 EPI1018206 98% H5N8 <TARGET> 98% Viruses 2019, 11, 4 8",0.4144926376440461
10.3390_v11060565,EPI954556,Secondary,Identity PB2 A/Ruddy Shelduck/AN/2-14-12/2016 H5N8 EPI1184014 2016-12-14 98% H5N8 <TARGET> 98% H5N8 EPI1104288 98% H5N8,0.3886843790012804
10.3390_v11060565,EPI954557,Secondary,EPI1019556 2016-12-08 99% A/duck/Egypt/F446/2017 H5N8 EPI1018205 99% H5N8 <TARGET> 99% PA H5N8 2016-12-08 98% A/White-fronted,0.4042093469910371
10.3390_v11060565,EPI954559,Secondary,Date Identity HA A/Eur_Wig/NL-Greonterp/16015653-001/2016 H5N8 EPI1019558 2016-12-08 98% H5N8 <TARGET> 98% A/White-fronted H5N8 EPI1183999 98%,0.42409571062740076
10.3390_v11060565,KX000727,Secondary,2017-01-19 99% NA A/chicken/Egypt/D10700/2015 H9N2 KX000734* 2015-02-26 97% H9N2 <TARGET>* 97% H9N2 KX000717* 97% M A/chicken/Egypt/Gharbiya-15/2017,0.4437019846350832
10.3390_v11060565,KX000734,Secondary,2016-12-08 99% A/swan/Italy/17VIR537-2/2017 H5N8 EPI954552 99% NA A/chicken/Egypt/D10700/2015 H9N2 <TARGET>* 2015-02-26 97% H9N2 KX000727* 97% H9N2,0.4413012163892446
10.3897_jhr.96.111550,https://doi.org/10.15468/dl.4hgjbk,Primary,"(2023a) GBIF Occurrence Download. <URL> GBIF Download. <TARGET> Hanz DM, Cutts V, Barajas-Barbosa MP, Algar A, Beierkuhnlein",0.81058920121859
10.3897_jhr.96.111550,https://doi.org/10.15468/dl.x6cwjx,Primary,"Macaronsio. Idea Ediciones, 314 pp. GBIF GBIF Occurrence Download. <TARGET> GBIF Download. <URL> Hanz DM, Cutts",0.80978977162241
10.3897_zookeys.500.9360,https://doi.org/10.5061/dryad.dv44b,Primary,this paper are deposited in the Dryad Data Repository at <TARGET> Results Molecular phylogeny The complete 28S rDNA dataset comprised,0.24353544576768402
10.5194_essd-12-1287-2020,https://doi.org/10.17882/70340,Primary,"the SEANOE (SEA scieNtic Open data Edition) repository (<URL> and <TARGET> Ribotti et al., 2019a, b). and after all",0.038636980052765245
10.5194_essd-2023-187,https://doi.org/10.17882/53389,Primary,"data portal (Doray et al., 2018b) at the following link: <TARGET> The number of zooplankton samples obtained per year var-",0.1434936079639349
10.5194_essd-2023-187,https://doi.org/10.17882/55741,Secondary,"plank- ton images captured with the ZooScan, SEANOE [data set], <TARGET> 2018. Feuilloley, G., Fromentin, J.-M., Saraux, C., Irisson, J.-O.,",0.8654565645615473
10.5194_essd-2023-198,https://doi.org/10.17882/94031,Primary,et al. (2023a) Takapoto <URL> al. (2023b) Apataki <TARGET> (2023a) Takaroa <URL> al.,0.6297980274963235
10.5194_essd-2023-198,https://doi.org/10.17882/94032,Primary,SEANOE DOI Reference Raroia <URL> Andrfout et al. (2023a) Takapoto <TARGET> al. (2023b) Apataki <URL>,0.628975026646339
10.5194_essd-2023-198,https://doi.org/10.17882/94146,Primary,et al. (2023b) Apataki <URL> al. (2023a) Takaroa <TARGET> al. (2023c) missing values set to 999.,0.630621028346308
10.5194_essd-2023-198,https://doi.org/10.17882/94147,Primary,sets presented in this paper. Atoll SEANOE DOI Reference Raroia <TARGET> Andrfout et al. (2023a) Takapoto <URL> al.,0.6281115503447159
10.5194_gmd-13-335-2020,https://doi.org/10.6073/pasta/fed17d67583eda16c439216ca40b0669,Primary,"neighborhood of Maryvale from 2011-12-16 through 2012-12-31, Environmental Data Initiative, <TARGET> 2017. Chow, W. T. L., T. J., Vivoni,",0.7671480144404332
10.5194_tc-17-3617-2023,https://doi.org/10.24381/cds.32b04ec5,Secondary,"is available on the Copernicus Data Store following this DOI: <TARGET> (Copernicus Climate Change Data Store, 2019). The",0.8045786392513575
10.5194_tc-17-3617-2023,https://doi.org/10.24381/cds.6a6d1bc3,Secondary,"is available on the Copernicus Data Store following this DOI: <TARGET> (Copernicus Climate Change Data Store, 2021). E-OBS",0.7982131835383455
10.5937_bnhmb1811227u,https://doi.org/10.15468/dl.i71k4s,Secondary,"Rana graeca. GBIF.org (16th March 2018) GBIF Occur- rence Download <TARGET> Ivanevi, B., Savi, S., Sabovljevi, M., M., Tomovi,",0.7476313752702234
10.5937_bnhmb1811227u,https://doi.org/10.15468/dl.ize4xx,Secondary,"(2018a): Rana dalmatina. GBIF.org (15th March 2018) GBIF Occurrence Download <TARGET> BULLETIN OF THE NATURAL HISTORY MUSEUM, 2018, 11: 227-245.",0.7424804505057514
10.7554_eLife.63194,PF00078,Secondary,"proteins encoding the reverse transcriptase (RT) domain 957 (Pfam ID <TARGET>). First, a HMM was constructed from an alignment of",0.6915186035308453
10.7554_eLife.63194,PF02171,Secondary,"the PAZ and PIWI domains (Pfam IDs 978 and <TARGET> respectively), putative Dicer proteins were identified based the",0.7071750403808552
10.7554_eLife.63194,PF03368,Secondary,based on the 979 presence of both PAZ and Dicer (<TARGET>) and putative RdRP proteins were identified,0.7079826574853354
10.7554_eLife.63194,PF05183,Secondary,identified 980 based on the presence the RdRP domain (<TARGET>). Stockholm files were downloaded from 981 Pfam [155] and,0.7087548527869875
10.7554_eLife.72626,CHEMBL3347550,Primary,"Bank NOX2 Dextromethorphan Approved Bank Tetrahydroisoquino lines (CHEMBL3733336 , <TARGET>, CHEMBL3347551) Preclinical ChEMBL SPOP SPOP - - TERT",0.9155160560907125
10.7554_eLife.72626,CHEMBL3347551,Primary,"NOX2 Dextromethorphan Approved Drug Bank Tetrahydroisoquino lines (CHEMBL3733336 , CHEMBL3347550, <TARGET>) Preclinical ChEMBL SPOP SPOP - - TERT TERT",0.9156485799242957
10.7554_eLife.72626,CHEMBL3733336,Primary,"Approved Drug Bank NOX2 Bank Tetrahydroisoquino lines (<TARGET> , CHEMBL3347550, CHEMBL3347551) Preclinical ChEMBL SPOP SPOP -",0.9153752495175305
10.7554_eLife.72626,MODEL2106070001,Primary,"and in BioModels (Malik-Sheriff et al., 581 2019) with identifier <TARGET> 582 (<URL> Supplementary 1 is provided as 583",0.42251082968202563
10.7717_peerj.10452,PRJNA664798,Secondary,are openly available in the NCBI GenBank (BioProject accession number: <TARGET>). Statistical analysis The are recorded the means,0.239153616158237
10.7717_peerj.10452,SAMN16233641,Primary,"for Agaricus bisporus production are available at GenBank: PRJNA664798. BioSample: <TARGET>, SAMN16233642, SAMN16233643, SAMN16233644, SAMN16233645, SAMN16233646, SAMN16233647, SAMN16233648, SAMN16233649, SAMN16233650,",0.7272252075187655
10.7717_peerj.10452,SAMN16233642,Primary,"Agaricus bisporus production are available at GenBank: PRJNA664798. BioSample: SAMN16233641, <TARGET>, SAMN16233643, SAMN16233644, SAMN16233645, SAMN16233646, SAMN16233647, SAMN16233648, SAMN16233649, SAMN16233650, SAMN16233651,",0.7275179292031697
10.7717_peerj.10452,SAMN16233643,Primary,"bisporus production are available at GenBank: PRJNA664798. BioSample: SAMN16233641, SAMN16233642, <TARGET>, SAMN16233644, SAMN16233645, SAMN16233646, SAMN16233647, SAMN16233648, SAMN16233649, SAMN16233650, SAMN16233651, SAMN16233652,",0.727810650887574
10.7717_peerj.10452,SAMN16233644,Primary,"production are available at GenBank: PRJNA664798. BioSample: SAMN16233641, SAMN16233642, SAMN16233643, <TARGET>, SAMN16233645, SAMN16233646, SAMN16233647, SAMN16233648, SAMN16233649, SAMN16233650, SAMN16233651, SAMN16233652, SAMN16233653,",0.7281033725719782
10.7717_peerj.10452,SAMN16233645,Primary,"are available at GenBank: PRJNA664798. BioSample: SAMN16233641, SAMN16233642, SAMN16233643, SAMN16233644, <TARGET>, SAMN16233646, SAMN16233647, SAMN16233648, SAMN16233649, SAMN16233650, SAMN16233651, SAMN16233652, SAMN16233653, SAMN16233654,",0.7283960942563824
10.7717_peerj.10452,SAMN16233646,Primary,"available at GenBank: PRJNA664798. BioSample: SAMN16233641, SAMN16233642, SAMN16233643, SAMN16233644, SAMN16233645, <TARGET>, SAMN16233647, SAMN16233648, SAMN16233649, SAMN16233650, SAMN16233651, SAMN16233652, SAMN16233653, SAMN16233654, SAMN16233655,",0.7286888159407866
10.7717_peerj.10452,SAMN16233647,Primary,"at GenBank: PRJNA664798. BioSample: SAMN16233641, SAMN16233642, SAMN16233643, SAMN16233644, SAMN16233645, SAMN16233646, <TARGET>, SAMN16233648, SAMN16233649, SAMN16233650, SAMN16233651, SAMN16233652, SAMN16233653, SAMN16233654, SAMN16233655, SAMN16233656,",0.7289815376251908
10.7717_peerj.10452,SAMN16233648,Primary,"GenBank: PRJNA664798. BioSample: SAMN16233641, SAMN16233642, SAMN16233643, SAMN16233644, SAMN16233645, SAMN16233646, SAMN16233647, <TARGET>, SAMN16233649, SAMN16233650, SAMN16233651, SAMN16233652, SAMN16233653, SAMN16233654, SAMN16233655, SAMN16233656, SAMN16233657,",0.729274259309595
10.7717_peerj.10452,SAMN16233649,Primary,"PRJNA664798. BioSample: SAMN16233641, SAMN16233642, SAMN16233643, SAMN16233644, SAMN16233645, SAMN16233646, SAMN16233647, SAMN16233648, <TARGET>, SAMN16233650, SAMN16233651, SAMN16233652, SAMN16233653, SAMN16233654, SAMN16233655, SAMN16233656, SAMN16233657, SAMN16233658,",0.7295669809939992
10.7717_peerj.10452,SAMN16233650,Primary,"BioSample: SAMN16233641, SAMN16233642, SAMN16233643, SAMN16233644, SAMN16233645, SAMN16233646, SAMN16233647, SAMN16233648, SAMN16233649, <TARGET>, SAMN16233651, SAMN16233652, SAMN16233653, SAMN16233654, SAMN16233655, SAMN16233656, SAMN16233657, SAMN16233658, SAMN16233659,",0.7298597026784034
10.7717_peerj.10452,SAMN16233651,Primary,"SAMN16233641, SAMN16233642, SAMN16233643, SAMN16233644, SAMN16233645, SAMN16233646, SAMN16233647, SAMN16233648, SAMN16233649, SAMN16233650, <TARGET>, SAMN16233652, SAMN16233653, SAMN16233654, SAMN16233655, SAMN16233656, SAMN16233657, SAMN16233658, SAMN16233659, SAMN16233660,",0.7301524243628076
10.7717_peerj.10452,SAMN16233652,Primary,"SAMN16233642, SAMN16233643, SAMN16233644, SAMN16233645, SAMN16233646, SAMN16233647, SAMN16233648, SAMN16233649, SAMN16233650, SAMN16233651, <TARGET>, SAMN16233653, SAMN16233654, SAMN16233655, SAMN16233656, SAMN16233657, SAMN16233658, SAMN16233659, SAMN16233660, SAMN16233661,",0.7304451460472118
10.7717_peerj.10452,SAMN16233653,Primary,"SAMN16233643, SAMN16233644, SAMN16233645, SAMN16233646, SAMN16233647, SAMN16233648, SAMN16233649, SAMN16233650, SAMN16233651, SAMN16233652, <TARGET>, SAMN16233654, SAMN16233655, SAMN16233656, SAMN16233657, SAMN16233658, SAMN16233659, SAMN16233660, SAMN16233661, SAMN16233662,",0.7307378677316161
10.7717_peerj.10452,SAMN16233654,Primary,"SAMN16233644, SAMN16233645, SAMN16233646, SAMN16233647, SAMN16233648, SAMN16233649, SAMN16233650, SAMN16233651, SAMN16233652, SAMN16233653, <TARGET>, SAMN16233655, SAMN16233656, SAMN16233657, SAMN16233658, SAMN16233659, SAMN16233660, SAMN16233661, SAMN16233662, SAMN16233663,",0.7310305894160203
10.7717_peerj.10452,SAMN16233655,Primary,"SAMN16233645, SAMN16233646, SAMN16233647, SAMN16233648, SAMN16233649, SAMN16233650, SAMN16233651, SAMN16233652, SAMN16233653, SAMN16233654, <TARGET>, SAMN16233656, SAMN16233657, SAMN16233658, SAMN16233659, SAMN16233660, SAMN16233661, SAMN16233662, SAMN16233663, SAMN16233664.",0.7313233111004245
10.7717_peerj.10452,SAMN16233656,Primary,"SAMN16233646, SAMN16233647, SAMN16233648, SAMN16233649, SAMN16233650, SAMN16233651, SAMN16233652, SAMN16233653, SAMN16233654, SAMN16233655, <TARGET>, SAMN16233657, SAMN16233658, SAMN16233659, SAMN16233660, SAMN16233661, SAMN16233662, SAMN16233663, SAMN16233664. The",0.7316160327848287
10.7717_peerj.10452,SAMN16233657,Primary,"SAMN16233647, SAMN16233648, SAMN16233649, SAMN16233650, SAMN16233651, SAMN16233652, SAMN16233653, SAMN16233654, SAMN16233655, SAMN16233656, <TARGET>, SAMN16233658, SAMN16233659, SAMN16233660, SAMN16233661, SAMN16233662, SAMN16233663, SAMN16233664. The 16s",0.7319087544692329
10.7717_peerj.10452,SAMN16233658,Primary,"SAMN16233648, SAMN16233649, SAMN16233650, SAMN16233651, SAMN16233652, SAMN16233653, SAMN16233654, SAMN16233655, SAMN16233656, SAMN16233657, <TARGET>, SAMN16233659, SAMN16233660, SAMN16233661, SAMN16233662, SAMN16233663, SAMN16233664. The 16s RNA",0.7322014761536371
10.7717_peerj.10452,SAMN16233659,Primary,"SAMN16233649, SAMN16233650, SAMN16233651, SAMN16233652, SAMN16233653, SAMN16233654, SAMN16233655, SAMN16233656, SAMN16233657, SAMN16233658, <TARGET>, SAMN16233660, SAMN16233661, SAMN16233662, SAMN16233663, SAMN16233664. The 16s RNA sequences",0.7324941978380413
10.7717_peerj.10452,SAMN16233660,Primary,"SAMN16233650, SAMN16233651, SAMN16233652, SAMN16233653, SAMN16233654, SAMN16233655, SAMN16233656, SAMN16233657, SAMN16233658, SAMN16233659, <TARGET>, SAMN16233661, SAMN16233662, SAMN16233663, SAMN16233664. The 16s RNA sequences of",0.7327869195224455
10.7717_peerj.10452,SAMN16233661,Primary,"SAMN16233651, SAMN16233652, SAMN16233653, SAMN16233654, SAMN16233655, SAMN16233656, SAMN16233657, SAMN16233658, SAMN16233659, SAMN16233660, <TARGET>, SAMN16233662, SAMN16233663, SAMN16233664. The 16s RNA sequences of compost",0.7330796412068497
10.7717_peerj.10452,SAMN16233662,Primary,"SAMN16233652, SAMN16233653, SAMN16233654, SAMN16233655, SAMN16233656, SAMN16233657, SAMN16233658, SAMN16233659, SAMN16233660, SAMN16233661, <TARGET>, SAMN16233663, SAMN16233664. The 16s RNA sequences of compost for",0.7333723628912538
10.7717_peerj.10452,SAMN16233663,Primary,"SAMN16233653, SAMN16233654, SAMN16233655, SAMN16233656, SAMN16233657, SAMN16233658, SAMN16233659, SAMN16233660, SAMN16233661, SAMN16233662, <TARGET>, SAMN16233664. The 16s RNA sequences of compost for Agaricus",0.7336650845756582
10.7717_peerj.10452,SAMN16233664,Primary,"SAMN16233654, SAMN16233655, SAMN16233656, SAMN16233657, SAMN16233658, SAMN16233659, SAMN16233660, SAMN16233661, SAMN16233662, SAMN16233663, <TARGET>. The 16s RNA sequences of compost for Agaricus bisporus",0.7339578062600624
10.7717_peerj.12422,https://doi.org/10.15468/dl.czyyq2,Secondary,"(28 May 2021), Ciconia ciconia: <URL> 2021), Soricidae <TARGET> (01 2021), Grus grus: <URL> 2021),",0.7504860790955922
10.7717_peerj.12422,https://doi.org/10.15468/dl.j4fe7k,Secondary,"(28 May 2021), Soricidae <URL> (01 2021), Grus grus: <TARGET> 2021), Ixodes ricinus: <URL> (23 June 2020),",0.7517288380204054
10.7717_peerj.12422,https://doi.org/10.15468/dl.k6jv69,Secondary,"May 2021), Cervus elaphus: <URL> 2021), Ciconia ciconia: <TARGET> 2021), Soricidae <URL> (01 2021), Grus",0.7492834091683538
10.7717_peerj.12422,https://doi.org/10.15468/dl.t3h8b4,Secondary,"June 2020), Myodes glareolus: <URL> June 2021), Turdus merula: <TARGET> (28 2021), Vulpes vulpes: <URL> (28 May 2021).",0.7557577822766541
10.7717_peerj.12422,https://doi.org/10.15468/dl.yak5vd,Secondary,"the Global Biodiversity Information Facility (GBIF) data base (www.GBIF.org, DOI 10.15468/<TARGET> (GBIF), on 23.06.2020). We also used information",0.2646074284912506
10.7717_peerj.13193,https://doi.org/10.6073/pasta/02e2764efb408a8b66b7f486eac14dc0,Secondary,"brook and bartlett sites ver 1. Environmental Data Initiative DOI 10.6073/pasta/<TARGET>. Wood T, Bormann FH, Voight GK. 1984. Phosphorus cycling",0.9956024186697316
10.7717_peerj.13193,https://doi.org/10.6073/pasta/275ad28a2f31356cf9c2648531a16a2b,Secondary,"USA, 2009 - present ver 3. Environmental Data Initiative DOI 10.6073/pasta/<TARGET>. Fisk MC, Ratliff TJ, Goswami S, Yanai RD. 2014.",0.8152516116136125
10.7717_peerj.13193,https://doi.org/10.6073/pasta/b23deb8e1ccf1c1413382bf911c6be19,Primary,and Jeffers Brook (12 stands) ver 1. Environmental Data Initiative <TARGET> Supplemental Supplemental information for this article can be,0.7659620542035214
